cdparametresiseeaux,cdparametre,libmajparametre,libminparametre,casparam,categorie,sous catégorie,Détails sous catégorie,Limite qualité ,Unité limite qualité,Commentaire limite qualité,Valeur sanitaire 1,Unité valeur sanitaire 1,Commentaire valeur sanitaire 1,Valeur sanitaire 2,Unité valeur sanitaire 2,Commentaire valeur sanitaire 2
PFOA,5347,ACIDE PERFLUORO-OCTANOÏQUE,Acide perfluoro-octanoïque,335-67-1,PFAS,,,,,,0.075,µg/L,Valeur sanitaire indicative établie par l'Anses en 2017. Valeur établie pour une population adulte (> 60 kg). Valeur en cours de révision par l'Anses,,,
PFHPA,5977,ACIDE PERFLUOROHEPTANOÏQUE,Acide perfluoroheptanoïque,375-85-9,PFAS,,,,,,0.075,µg/L,Valeur sanitaire indicative établie par l'Anses en 2017. Valeur établie pour une population adulte (> 60 kg). Valeur en cours de révision par l'Anses,,,
PFHXA,5978,ACIDE PERFLUOROHEXANOÏQUE,Acide perfluorohexanoïque,307-24-4,PFAS,,,,,,960,µg/L,Valeur sanitaire indicative établie par l'Anses en 2017. Valeur établie pour une population adulte (> 60 kg). Valeur en cours de révision par l'Anses,,,
PFPEA,5979,ACIDE PERFLUOROPENTANOÏQUE,Acide perfluoropentanoïque,2706-90-3,PFAS,,,,,,960,µg/L,Valeur sanitaire indicative établie par l'Anses en 2017. Valeur établie pour une population adulte (> 60 kg). Valeur en cours de révision par l'Anses,,,
PFBA,5980,ACIDE PERFLUOROBUTANOÏQUE,Acide perfluorobutanoïque,375-22-4,PFAS,,,,,,72,µg/L,Valeur sanitaire indicative établie par l'Anses en 2017. Valeur établie pour une population adulte (> 60 kg). Valeur en cours de révision par l'Anses,,,
PFBS,6025,PERFLUOROBUTANE SULFONATE,Perfluorobutane sulfonate,59933-66-3,PFAS,,,,,,240,µg/L,Valeur sanitaire indicative établie par l'Anses en 2017. Valeur établie pour une population adulte (> 60 kg). Valeur en cours de révision par l'Anses,,,
PFDODA,6507,ACIDE PERFLUORODODÉCANOIQUE,Acide perfluorododécanoique (PFDoDA),307-55-1,PFAS,,,,,,,,Valeur sanitaire en cours d'élaboration par l'Anses,,,
PFNA,6508,ACIDE PERFLUORO-NONANOÏQUE,Acide perfluoro-nonanoïque,375-95-1,PFAS,,,,,,,,Valeur sanitaire en cours d'élaboration par l'Anses,,,
PFDA,6509,ACIDE PERFLUORO-DECANOÏQUE,Acide perfluoro-decanoïque,335-76-2,PFAS,,,,,,,,Valeur sanitaire en cours d'élaboration par l'Anses,,,
PFUNA,6510,ACIDE PERFLUORO UNDECANOÏQUE,Acide perfluoro undecanoïque (PFUnA),2058-94-8,PFAS,,,,,,,,Valeur sanitaire en cours d'élaboration par l'Anses,,,
PFHPS,6542,ACIDE PERFLUOROHEPTANE SULFONIQUE,Acide perfluoroheptane sulfonique (PFHpS),375-92-8,PFAS,,,,,,,,Valeur sanitaire en cours d'élaboration par l'Anses,,,
PFTRDA,6549,ACIDE PERFLUORO TRIDECANOIQUE,Acide perfluoro tridecanoique (PFTrDA),72629-94-8,PFAS,,,,,,,,Valeur sanitaire en cours d'élaboration par l'Anses,,,
PFDS,6550,ACIDE PERFLUORODECANE SULFONIQUE ,Acide perfluorodecane sulfonique ,335-77-3,PFAS,,,,,,,,Valeur sanitaire en cours d'élaboration par l'Anses,,,
ASPFOS,6560,ACIDE PERFLUOROOCTANE SULFONIQUE,Acide perfluorooctane sulfonique (PFOS),1763-23-1,PFAS,,,,,,,,Valeur sanitaire en cours d'élaboration par l'Anses,,,
PFOS,6561,ACIDE SULFONIQUE DE PERFLUOROOCTANE,Acide sulfonique de perfluorooctane,1763-23-1,PFAS,,,,,,0.18,µg/L,Valeur sanitaire indicative établie par l'Anses en 2017. Valeur établie pour une population adulte (> 60 kg). Valeur en cours de révision par l'Anses,,,
PFOS,6561,SULFONATE DE PERFLUOROOCTANE,Sulfonate de perfluorooctane,45298-90-6,PFAS,,,,,,0.18,µg/L,Valeur sanitaire indicative établie par l'Anses en 2017. Valeur établie pour une population adulte (> 60 kg). Valeur en cours de révision par l'Anses,,,
PFHXS,6830,PERFLUOROHEXANE SULFONATE,Perfluorohexane sulfonate,355-46-4,PFAS,,,,,,12,µg/L,Valeur sanitaire indicative établie par l'Anses en 2017. Valeur établie pour une population adulte (> 60 kg). Valeur en cours de révision par l'Anses,,,
PFPS,8738,ACIDE PERFLUOROPENTANE SULFONIQUE,Acide perfluoropentane sulfonique (PFPS),2706-91-4,PFAS,,,,,,,,Valeur sanitaire en cours d'élaboration par l'Anses,,,
PFNS,8739,ACIDE PERFLUORONONANE SULFONIQUE,Acide perfluorononane sulfonique (PFNS),68259-12-1,PFAS,,,,,,,,Valeur sanitaire en cours d'élaboration par l'Anses,,,
PFUNDS,8740,ACIDE PERFLUORO UNDECANE SULFONIQUE,Acide perfluoro undecane sulfonique (PFUnDS),749786-16-1,PFAS,,,,,,,,Valeur sanitaire en cours d'élaboration par l'Anses,,,
PFDODS,8741,ACIDE PERFLUORODODÉCANE SULFONIQUE ,Acide perfluorododécane sulfonique (PFDoDS),79780-39-5,PFAS,,,,,,,,Valeur sanitaire en cours d'élaboration par l'Anses,,,
PFTRDS,8742,ACIDE PERFLUORO TRIDECANE SULFONIQUE,Acide perfluoro tridecane sulfonique (PFTrDS),791563-89-8,PFAS,,,,,,,,Valeur sanitaire en cours d'élaboration par l'Anses,,,
SPFAS,8847,SOMME DE 20 PFAS,Somme de 20 substances perfluoroalkylées (PFAS),,PFAS,,,0.1,µg/L,"Limite de qualité réglementaire pour la somme des concentrations de 20 PFAS issue de la Directive européenne ""eau potable"", adoptée officiellement par la France. Attention, cette norme est critiquée par la communauté scientifique qui ne la juge pas suffisamment protectrice",,,,,,
,, ,Somme de 4 PFAS (PFOA PFOS PFNA PFHXS),,PFAS,,,0.02,µg/L,"Limite non réglementaire, recommandée par le Haut Conseil de la Santé publique pour la somme des concentrations de 4 PFAS (PFOA, PFOS, PFNA, PFHxS). Valeur non retenue par le ministère de la Santé.",,,,,,
CLVYL,1753,CHLORURE DE VINYL MONOMÈRE,Chlorure de vinyl monomère,75-01-4,CVM,,,0.5,µg/L,,,,,,,
14DAN,1580,"1,4 DIOXANE","1,4 dioxane",123-91-1,Substances industrielles,,,0.35,µg/L,Limite non réglementaire préconisée par l'agence américaine de protection de l'environnement et recommandée par les ARS,,,,,,
PCLAT,6219,PERCHLORATE,Perchlorate,14797-73-0,Substances industrielles,,,,,,4,µg/L,Le ministère de la santé recommande de limiter l’utilisation d’eau dont la teneur en ions perchlorate dépasse 4 µg/L pour la préparation des biberons des nourrissons de moins de 6 mois ,15,µg/L,Le ministère de la santé recommande de limiter la consommation d’eau dont la teneur en ions perchlorate dépasse 15 µg/L pour les femmes enceintes et allaitantes (protégeant ainsi fœtus et nourrissons).
ENDOB,1179,ENDOSULFAN BÉTA,Endosulfan béta,33213-65-9,pesticides,métabolites,pertinent par défaut,0.1,µg/L,,,,,,,
ENDOA,1178,ENDOSULFAN ALPHA,Endosulfan alpha,959-98-8,pesticides,métabolites,pertinent par défaut,0.1,µg/L,,180,,,,,
DCPMU,1929,"1-(3,4-DICHLOROPHÉNYL)-3-MÉTHYLURÉE","1-(3,4-dichlorophényl)-3-méthylurée",3567-62-2,pesticides,métabolites,pertinent par défaut,0.1,µg/L,,,,,,,
DCPU,1930,"1-(3,4-DICHLOROPHÉNYL)-URÉE","1-(3,4-dichlorophényl)-urée",2327-02-08,pesticides,métabolites,pertinent par défaut,0.1,µg/L,,,,,,,
IPPU,2847,1-(4-ISOPROPYLPHENYL)-URÉE,1-(4-isopropylphenyl)-urée,56046-17-4,pesticides,métabolites,pertinent par défaut,0.1,µg/L,,,,,,,
MMTA,6803,"2-AMINO-4-METHOXY-6-METHYL-1,3,5-TRIAZINE","2-amino-4-methoxy-6-methyl-1,3,5-triazine",1668-54-8,pesticides,métabolites,pertinent par défaut,0.1,µg/L,,,,,,,
2ANIP,6809,2-AMINO-N-ISO-PROPYLBENZAMIDE,2-amino-N-iso-propylbenzamide,30391-89-0,pesticides,métabolites,pertinent par défaut,0.1,µg/L,,,,,,,
ASDM,7716,"2-AMINOSULFONYL-N,N-DIMETHYLNICOTIN","2-Aminosulfonyl-N,N-dimethylnicotin",112006-75-4,pesticides,métabolites,pertinent par défaut,0.1,µg/L,,,,,,,
CDEPA,3283,"2-CHLORO-N-(2,6-DIETHYLPHENYL)ACETAMIDE","2-Chloro-N-(2,6-diethylphenyl)acetamide",6967-29-9,pesticides,métabolites,pertinent par défaut,0.1,µg/L,,,,,,,
BENZENA,2932,2-ETHYL-6-METHYLANILINE,2-ethyl-6-methylaniline,24549-06-02,pesticides,métabolites,pertinent par défaut,0.1,µg/L,,,,,,,
26DCB,2011,"2,6 DICHLOROBENZAMIDE","2,6 Dichlorobenzamide",2008-58-4,pesticides,métabolites,pertinent,0.1,µg/L,,110,,,,,
DEA,1943,"2,6-DIETHYLANILINE","2,6-Diethylaniline",579-66-8,pesticides,métabolites,pertinent par défaut,0.1,µg/L,,,,,,,
3KETCA,2942,3-KETOCARBOFURAN,3-Ketocarbofuran,16709-30-1,pesticides,métabolites,pertinent par défaut,0.1,µg/L,,,,,,,
34DCLA,1586,"3,4-DICHLOROANILINE","3,4-dichloroaniline",95-76-1,pesticides,métabolites,pertinent par défaut,0.1,µg/L,,,,,,,
4ISPRO,1932,4-ISOPROPYLANILINE,4-Isopropylaniline,99-88-7,pesticides,métabolites,pertinent par défaut,0.1,µg/L,,,,,,,
44DCBP,3165,"4,4'-DICHLOROBENZOPHENONE","4,4'-Dichlorobenzophenone",90-98-2,pesticides,métabolites,pertinent par défaut,0.1,µg/L,,,,,,,
ALDSN,1807,ALDICARBE SULFONÉ,Aldicarbe sulfoné,1646-88-4,pesticides,métabolites,pertinent par défaut,0.1,µg/L,,,,,,,
ALDSY,1806,ALDICARBE SULFOXYDE,Aldicarbe sulfoxyde,1646-87-3,pesticides,métabolites,pertinent par défaut,0.1,µg/L,,,,,,,
AMPA,1907,AMPA,AMPA,1066-51-9,pesticides,métabolites,pertinent par défaut,0.1,µg/L,,900,,,,,
AD2H,3160,ATRAZINE DÉISOPROPYL-2-HYDROXY,Atrazine déisopropyl-2-hydroxy,7313-54-4,pesticides,métabolites,pertinent par défaut,0.1,µg/L,,60,,,,,
ADET,1108,ATRAZINE DÉSÉTHYL,Atrazine déséthyl,6190-65-4,pesticides,métabolites,pertinent par défaut,0.1,µg/L,,60,,,,,
ADETD,1830,ATRAZINE DÉSÉTHYL DÉISOPROPYL,Atrazine déséthyl déisopropyl,3397-62-4,pesticides,métabolites,pertinent par défaut,0.1,µg/L,,60,,,,,
ADET2,3159,ATRAZINE DÉSÉTHYL-2-HYDROXY,Atrazine déséthyl-2-hydroxy,19988-24-0,pesticides,métabolites,pertinent par défaut,0.1,µg/L,,,,,,,
A2H,1832,ATRAZINE-2-HYDROXY,Atrazine-2-hydroxy,2163-68-0,pesticides,métabolites,pertinent par défaut,0.1,µg/L,,120,,,,,
ADSP,1109,ATRAZINE-DÉISOPROPYL,Atrazine-déisopropyl,1007-28-9,pesticides,métabolites,pertinent par défaut,0.1,µg/L,,60,,,,,
AUSN,7719,AUSN,"2-[(carbamimidoylcarbamoyl)sulfamoyl]-N,Ndimethylpyridine-3-carboxamid",2307738-55-0,pesticides,métabolites,pertinent par défaut,0.1,µg/L,,,,,,,
AUSN,7719,AUSN,"2-[(carbamimidoylcarbamoyl)sulfamoyl]-N,Ndimethylpyridine-3-carboxamid",,pesticides,métabolites,pertinent par défaut,0.1,µg/L,,,,,,,
DIM2ESA,6381,CGA 354742,CGA 354742,,pesticides,métabolites,non pertinent,0.9,µg/L,,,,,,,
ESADIM2,6381,CGA 354742,CGA 354742,,pesticides,métabolites,non pertinent,0.9,µg/L,,,,,,,
ESADIM1,7727,CGA 369873,CGA 369873,,pesticides,métabolites,non pertinent,0.9,µg/L,,,,,,,
DIM1ESA,7727,CGA 369873,CGA 369873,,pesticides,métabolites,non pertinent,0.9,µg/L,,,,,,,
KEP5BH,6577,CHLORDECONE 5B HYDRO,Chlordecone 5b Hydro,53308-47-7,pesticides,métabolites,pertinent par défaut,0.1,µg/L,,,,,,,
CLDZ_D,6378,CHLORIDAZONE DESPHÉNYL,Chloridazone desphényl,6339-19-1,pesticides,métabolites,pertinent,0.1,µg/L,,11,,,,,
CLDZ_MD,6379,CHLORIDAZONE MÉTHYL DESPHÉNYL,Chloridazone méthyl desphényl,17254-80-7,pesticides,métabolites,pertinent,0.1,µg/L,,110,,,,,
2CP,1471,CHLOROPHÉNOL-2,Chlorophénol-2,95-57-8,pesticides,métabolites,pertinent par défaut,0.1,µg/L,,,,,,,
4CP,1650,CHLOROPHÉNOL-4,Chlorophénol-4,106-48-9,pesticides,métabolites,pertinent par défaut,0.1,µg/L,,,,,,,
CLTHAR6,,CHLOROTHALONIL MÉTABOLITE R611965,Chlorothalonil métabolite R611965,142733-37-7,pesticides,métabolites,pertinent par défaut,0.1,µg/L,,,,,,,
CLTHSYN,,CHLOROTHALONIL MÉTABOLITE SYN507900,Chlorothalonil métabolite SYN507900,115044-73-0,pesticides,métabolites,pertinent par défaut,0.1,µg/L,,,,,,,
CLTHALS,7717,CHLOROTHALONIL R417888,Chlorothalonil R417888,1418095-02-9,pesticides,métabolites,pertinent,0.1,µg/L,,3,µg/L,"Valeur sanitaire transitoire établie par l'agence allemande UBA, utilisée par la France en l'absence de Vmax fixée par l'Anses",,,
471811R,8865,CHLOROTHALONIL R471811,Chlorothalonil R471811,,pesticides,métabolites,non pertinent,0.9,µg/L,,3,µg/L,"Valeur sanitaire transitoire établie par l'agence allemande UBA, utilisée par la France en l'absence de Vmax fixée par l'Anses",,,
R471811,8865,CHLOROTHALONIL R471811,Chlorothalonil R471811,,pesticides,métabolites,non pertinent,0.9,µg/L,,3,µg/L,"Valeur sanitaire transitoire établie par l'agence allemande UBA, utilisée par la France en l'absence de Vmax fixée par l'Anses",,,
CLTHALS,7717,CHLOROTHALONIL SA,Chlorothalonil SA,1418095-02-9,pesticides,métabolites,pertinent par défaut,0.1,µg/L,,3,µg/L,"Valeur sanitaire transitoire établie par l'agence allemande UBA, utilisée par la France en l'absence de Vmax fixée par l'Anses",,,
CLTHA4H,7715,CHLOROTHALONIL-4-HYDROXY,Chlorothalonil-4-hydroxy,28343-61-5,pesticides,métabolites,pertinent par défaut,0.1,µg/L,,3,µg/L,"Valeur sanitaire transitoire établie par l'agence allemande UBA, utilisée par la France en l'absence de Vmax fixée par l'Anses",,,
CMBA,1944,CMBA,CMBA,53250-83-2,pesticides,métabolites,pertinent par défaut,0.1,µg/L,,,,,,,
DDD24,1143,"DDD-2,4'","DDD-2,4'",53-19-0,pesticides,métabolites,pertinent par défaut,0.1,µg/L,,,,,,,
DDD44,1144,"DDD-4,4'","DDD-4,4'",72-54-8,pesticides,métabolites,pertinent par défaut,0.1,µg/L,,Absence,,,,,
DDE24,1145,"DDE-2,4'","DDE-2,4'",3424-82-6,pesticides,métabolites,pertinent par défaut,0.1,µg/L,,,,,,,
DDE44,1146,"DDE-4,4'","DDE-4,4'",72-55-9,pesticides,métabolites,pertinent par défaut,0.1,µg/L,,,,,,,
DMTE,1154,DEMÉTON S MÉTHYL SULFONÉ,Deméton S méthyl sulfoné,17040-19-6,pesticides,métabolites,pertinent par défaut,0.1,µg/L,,,,,,,
D-CTOL,7782,DESMÉTHYL-CHLORTOLURON,Desméthyl-chlortoluron,22175-22-0,pesticides,métabolites,pertinent par défaut,0.1,µg/L,,,,,,,
PIRIDM,5531,DESMETHYL-PIRIMICARB,Desmethyl-pirimicarb,30614-22-3,pesticides,métabolites,pertinent par défaut,0.1,µg/L,,,,,,,
IPPMU,2738,DESMÉTHYLISOPROTURON,Desméthylisoproturon,34123-57-4,pesticides,métabolites,pertinent par défaut,0.1,µg/L,,,,,,,
NORFLDM,2737,DESMETHYLNORFLURAZON,Desmethylnorflurazon,23576-24-1,pesticides,métabolites,pertinent par défaut,0.1,µg/L,,45,,,,,
24DCP,1486,"DICHLOROPHÉNOL-2,4","Dichlorophénol-2,4",120-83-2,pesticides,métabolites,pertinent par défaut,0.1,µg/L,,,,,,,
DC42443,8860,DIMÉTHACHLORE CGA 42443,"N-(2,6-dimethylphenyl)-N-(2-methoxyethyl) acétamide",1231710-71-6,pesticides,métabolites,pertinent par défaut,0.1,µg/L,,,,,,,
OXADIM,6380,DIMÉTHACHLORE OXA,Diméthachlore OXA,1086384-49-7,pesticides,métabolites,pertinent par défaut,0.1,µg/L,,3,µg/L,"Valeur sanitaire transitoire établie par l'agence allemande UBA, utilisée par la France en l'absence de Vmax fixée par l'Anses",,,
DMTHESA,6865,DIMÉTHÉNAMIDE ESA,Diméthénamide ESA,205939-58-8,pesticides,métabolites,non pertinent,0.9,µg/L,,3,µg/L,"Valeur sanitaire transitoire établie par l'agence allemande UBA, utilisée par la France en l'absence de Vmax fixée par l'Anses",,,
ESADMTH,6865,DIMÉTHÉNAMIDE ESA,Diméthénamide ESA,205939-58-8,pesticides,métabolites,non pertinent,0.9,µg/L,,3,µg/L,"Valeur sanitaire transitoire établie par l'agence allemande UBA, utilisée par la France en l'absence de Vmax fixée par l'Anses",,,
DMTHOXA,7735,DIMÉTHÉNAMIDE OXA,Diméthénamide OXA,380412-59-9,pesticides,métabolites,non pertinent,0.9,µg/L,,3,µg/L,"Valeur sanitaire transitoire établie par l'agence allemande UBA, utilisée par la France en l'absence de Vmax fixée par l'Anses",,,
OXADMTH,7735,DIMÉTHÉNAMIDE OXA,Diméthénamide OXA,380412-59-9,pesticides,métabolites,non pertinent,0.9,µg/L,,3,µg/L,"Valeur sanitaire transitoire établie par l'agence allemande UBA, utilisée par la France en l'absence de Vmax fixée par l'Anses",,,
ENDOS,1742,ENDOSULFAN SULFATE,Endosulfan sulfate,1031-07-08,pesticides,métabolites,pertinent par défaut,0.1,µg/L,,,,,,,
ENDRAL,2941,ENDRINE ALDÉHYDE,Endrine aldéhyde,7421-93-4,pesticides,métabolites,pertinent par défaut,0.1,µg/L,,,,,,,
CETCESA,6856,ESA ACETOCHLORE,ESA acetochlore,187022-11-3,pesticides,métabolites,non pertinent,0.9,µg/L,,,,,,,
ESACETC,6856,ESA ACETOCHLORE,ESA acetochlore,187022-11-3,pesticides,métabolites,non pertinent,0.9,µg/L,,,,,,,
ESALCL,6800,ESA ALACHLORE,ESA alachlore,142363-53-9,pesticides,métabolites,non pertinent,0.9,µg/L,,,,,,,
LCLESA,6800,ESA ALACHLORE,ESA alachlore,142363-53-9,pesticides,métabolites,non pertinent,0.9,µg/L,,,,,,,
MTZCESA,6895,ESA METAZACHLORE,ESA metazachlore,172960-62-2,pesticides,métabolites,non pertinent,0.9,µg/L,,3,µg/L,"Valeur sanitaire transitoire établie par l'agence allemande UBA, utilisée par la France en l'absence de Vmax fixée par l'Anses",,,
ESAMTZC,6895,ESA METAZACHLORE,ESA metazachlore,172960-62-2,pesticides,métabolites,non pertinent,0.9,µg/L,,3,µg/L,"Valeur sanitaire transitoire établie par l'agence allemande UBA, utilisée par la France en l'absence de Vmax fixée par l'Anses",,,
ESAMTC,6854,ESA METOLACHLORE,ESA metolachlore,171118-09-5,pesticides,métabolites,non pertinent,0.9,µg/L,,3,µg/L,"Valeur sanitaire transitoire établie par l'agence allemande UBA, utilisée par la France en l'absence de Vmax fixée par l'Anses",,,
MTCESA,6854,ESA METOLACHLORE,ESA metolachlore,171118-09-5,pesticides,métabolites,non pertinent,0.9,µg/L,,3,µg/L,"Valeur sanitaire transitoire établie par l'agence allemande UBA, utilisée par la France en l'absence de Vmax fixée par l'Anses",,,
ETSN,5528,ETHIOFENCARB SULFONE,Ethiofencarb sulfone,53380-23-7,pesticides,métabolites,pertinent par défaut,0.1,µg/L,,,,,,,
ETSY,6534,ETHIOFENCARB SULFOXYDE,Ethiofencarb sulfoxyde,53380-22-6,pesticides,métabolites,pertinent par défaut,0.1,µg/L,,,,,,,
ETU,5648,ETHYLENETHIOUREE,Ethylenethiouree,96-45-7,pesticides,métabolites,pertinent par défaut,0.1,µg/L,,,,,,,
ETNUR,6601,ETHYLENEUREE,Ethyleneuree,120-93-4,pesticides,métabolites,pertinent par défaut,0.1,µg/L,,,,,,,
FIPRO01,6262,FIPRONIL DÉSULFINYL,Fipronil désulfinyl,205650-65-3,pesticides,métabolites,pertinent par défaut,0.1,µg/L,,,,,,,
FIPRO03,6261,FIPRONIL SULFIDE,Fipronil sulfide,120067-83-6,pesticides,métabolites,pertinent par défaut,0.1,µg/L,,,,,,,
FIPRO02,6260,FIPRONIL SULFONE,Fipronil sulfone,120068-36-2,pesticides,métabolites,pertinent par défaut,0.1,µg/L,,,,,,,
ESAFLU,6864,FLUFENACET ESA,Flufenacet ESA,201668-32-8,pesticides,métabolites,pertinent,0.1,µg/L,,1,µg/L,"Valeur sanitaire transitoire établie par l'agence allemande UBA, utilisée par la France en l'absence de Vmax fixée par l'Anses",,,
OXAFLU,6863,FLUFÉNACET OXA,Flufénacet OXA,201668-31-7,pesticides,métabolites,pertinent par défaut,0.1,µg/L,,,,,,,
HEPE,1198,HEPTACHLORE ÉPOXYDE,Heptachlore époxyde,,pesticides,métabolites,pertinent par défaut,0.1,µg/L,,,,,,,
HEPEC,1748,HEPTACHLORE ÉPOXYDE CIS,Heptachlore époxyde cis,1024-57-3,pesticides,métabolites,pertinent par défaut,0.1,µg/L,,0.03,,,,,
HEPET,1749,HEPTACHLORE ÉPOXYDE TRANS,Heptachlore époxyde trans,28044-83-9,pesticides,métabolites,pertinent par défaut,0.1,µg/L,,,,,,,
3HXC,1805,HYDROXYCARBOFURAN-3,Hydroxycarbofuran-3,16655-82-6,pesticides,métabolites,pertinent par défaut,0.1,µg/L,,,,,,,
TBZH,1954,HYDROXYTERBUTHYLAZINE,Hydroxyterbuthylazine,66753-07-09,pesticides,métabolites,pertinent par défaut,0.1,µg/L,,,,,,,
MALAOX,5787,MALAOXON,Malaoxon,1634-78-2,pesticides,métabolites,pertinent par défaut,0.1,µg/L,,,,,,,
MESUO,1803,METHIOCARB SULFONE,Methiocarb sulfone,2179-25-1,pesticides,métabolites,pertinent par défaut,0.1,µg/L,,,,,,,
MESUY,1804,METHIOCARB SULFOXYDE,Methiocarb sulfoxyde,2635-10-1,pesticides,métabolites,pertinent par défaut,0.1,µg/L,,,,,,,
CARB3M,8769,METHYL-3-HYDROXYLPHENYLCARBAMATE,Methyl-3-hydroxylphenylcarbamate,13683-89-1,pesticides,métabolites,pertinent par défaut,0.1,µg/L,,,,,,,
MTCNOA,7729,METOLACHLOR NOA 413173,Metolachlor NOA 413173,1418095-19-8,pesticides,métabolites,non pertinent,0.9,µg/L,,,,,,,
NOAMTC,7729,METOLACHLOR NOA 413173,Metolachlor NOA 413173,1418095-19-8,pesticides,métabolites,non pertinent,0.9,µg/L,,,,,,,
MTC3577,7731,MÉTOLACHLORE MÉTABOLITE CGA 357704,Métolachlore métabolite CGA 357704,1217465-10-5,pesticides,métabolites,pertinent par défaut,0.1,µg/L,,,,,,,
MTC3682,7730,MÉTOLACHLORE MÉTABOLITE CGA 368208,Métolachlore métabolite CGA 368208,1173021-76-5,pesticides,métabolites,pertinent par défaut,0.1,µg/L,,,,,,,
DMST,6824,"N,N-DIMET-TOLYLSULPHAMID","N,N-Dimet-tolylsulphamid",66840-71-9,pesticides,métabolites,pertinent par défaut,0.1,µg/L,,,,,,,
DMSA,7618,"N,N-DIMÉTHYL-N'-PHÉNYLSULFAMIDE","N,N-diméthyl-N'-phénylsulfamide",4710-17-2,pesticides,métabolites,pertinent par défaut,0.1,µg/L,,,,,,,
NDMS,6384,"N,N-DIMETHYLSULFAMIDE","N,N-Dimethylsulfamide",3984-14-3,pesticides,métabolites,pertinent,0.1,µg/L,,Absence,,,,,
CETCOXA,6862,OXA ACETOCHLORE,OXA acetochlore,194992-44-4,pesticides,métabolites,non pertinent,0.9,µg/L,,,,,,,
OXACETC,6862,OXA ACETOCHLORE,OXA acetochlore,194992-44-4,pesticides,métabolites,non pertinent,0.9,µg/L,,,,,,,
OXALCL,6855,OXA ALACHLORE,OXA alachlore,171262-17-2,pesticides,métabolites,pertinent,0.1,µg/L,,50,,,,,
OXAMTZC,6894,OXA METAZACHLORE,OXA metazachlore,1231244-60-2,pesticides,métabolites,non pertinent,0.9,µg/L,,3,µg/L,"Valeur sanitaire transitoire établie par l'agence allemande UBA, utilisée par la France en l'absence de Vmax fixée par l'Anses",,,
MTZCOXA,6894,OXA METAZACHLORE,OXA metazachlore,1231244-60-2,pesticides,métabolites,non pertinent,0.9,µg/L,,3,µg/L,"Valeur sanitaire transitoire établie par l'agence allemande UBA, utilisée par la France en l'absence de Vmax fixée par l'Anses",,,
OXAMTC,6853,OXA METOLACHLORE,OXA metolachlore,152019-73-3,pesticides,métabolites,non pertinent,0.9,µg/L,,,,,,,
MTCOXA,6853,OXA METOLACHLORE,OXA metolachlore,152019-73-3,pesticides,métabolites,non pertinent,0.9,µg/L,,,,,,,
OCHA,1848,OXYCHLORDANE,Oxychlordane,27304-13-8,pesticides,métabolites,pertinent par défaut,0.1,µg/L,,,,,,,
PARAOX,5806,PARAOXON,Paraoxon,311-45-5,pesticides,métabolites,pertinent par défaut,0.1,µg/L,,,,,,,
PARM,5793,PARAOXON MÉTHYL,Paraoxon méthyl,950-35-6,pesticides,métabolites,pertinent par défaut,0.1,µg/L,,,,,,,
12345CB,1888,PENTACHLOROBENZÈNE,Pentachlorobenzène,608-93-5,pesticides,métabolites,pertinent par défaut,0.1,µg/L,,,,,,,
PHRTS,7149,PHORATE SULFONE,Phorate Sulfone,2588-04-07,pesticides,métabolites,pertinent par défaut,0.1,µg/L,,,,,,,
PHTHA,7587,PHTHALIMIDE,Phthalimide,85-41-6,pesticides,métabolites,pertinent par défaut,0.1,µg/L,,,,,,,
PIFODM,5532,PIRIMICARB FORMAMIDO DESMÉTHYL,Pirimicarb formamido desméthyl,27218-04-08,pesticides,métabolites,pertinent par défaut,0.1,µg/L,,,,,,,
PPCHL_E,6887,PROPACHLORE ESA,Propachlore ESA,123732-85-4,pesticides,métabolites,pertinent par défaut,0.1,µg/L,,,,,,,
PPCHL_O,7736,PROPACHLORE OXA,Propachlore OXA,70628-36-3,pesticides,métabolites,pertinent par défaut,0.1,µg/L,,,,,,,
PRP2H,5968,PROPAZINE 2-HYDROXY,Propazine 2-hydroxy,7374-53-0,pesticides,métabolites,pertinent par défaut,0.1,µg/L,,,,,,,
PTU,6214,PROPYLENE THIOUREE,Propylene thiouree,2122-19-2,pesticides,métabolites,pertinent par défaut,0.1,µg/L,,,,,,,
PRODES,7936,PROTHIOCONAZOLE-DESTHIO,Prothioconazole-Desthio,120983-64-4,pesticides,métabolites,pertinent par défaut,0.1,µg/L,,,,,,,
ACETSAA,7718,SAA ACÉTOCHLORE,SAA Acétochlore,618113-86-3,pesticides,métabolites,pertinent par défaut,0.1,µg/L,,,,,,,
SBAZ2H,6101,SEBUTHYLAZINE 2-HYDROXY,Sebuthylazine 2-hydroxy,33124-61-7,pesticides,métabolites,pertinent par défaut,0.1,µg/L,,,,,,,
SEBUT2H,5981,SEBUTHYLAZINE DÉSÉTHYL,Sebuthylazine déséthyl,37019-18-4,pesticides,métabolites,pertinent par défaut,0.1,µg/L,,,,,,,
SHYD,1831,SIMAZINE HYDROXY,Simazine hydroxy,2599-11-3,pesticides,métabolites,pertinent par défaut,0.1,µg/L,,2,,,,,
DD_S2,7146,"SOMME DDD44',DDE44',DDT24',DDT44'","Somme DDD44',DDE44',DDT24',DDT44'",,pesticides,métabolites,pertinent par défaut,0.1,µg/L,,,,,,,
DITHIO1,6235,SOMME MÉTABOLITES DITHIOCARBAMATES,Somme métabolites Dithiocarbamates,,pesticides,métabolites,pertinent par défaut,0.1,µg/L,,,,,,,
TERBMDE,2051,TERBUMÉTON-DÉSETHYL,Terbuméton-désethyl,30125-64-5,pesticides,métabolites,pertinent,0.1,µg/L,,,,,,,
TBZDES,2045,TERBUTHYLAZIN DÉSÉTHYL,Terbuthylazin déséthyl,30125-63-4,pesticides,métabolites,pertinent par défaut,0.1,µg/L,,12,,,,,
TBZDESH,7150,TERBUTHYLAZIN DÉSÉTHYL-2-HYDROXY,Terbuthylazin déséthyl-2-hydroxy,66753-06-08,pesticides,métabolites,pertinent par défaut,0.1,µg/L,,,,,,,
TBZLM6,,TERBUTHYLAZINE MÉTABOLITE LM6,Terbuthylazine métabolite LM6,,pesticides,métabolites,pertinent par défaut,0.1,µg/L,,,,,,,
THPL,7588,TÉTRAHYDROPHTHALIMIDE,Tétrahydrophthalimide,85-40-5,pesticides,métabolites,pertinent par défaut,0.1,µg/L,,,,,,,
TSON,5476,THIOFANOX SULFONE,Thiofanox sulfone,39184-59-3,pesticides,métabolites,pertinent par défaut,0.1,µg/L,,,,,,,
TSXY,5475,THIOFANOX SULFOXYDE,Thiofanox sulfoxyde,39184-27-5,pesticides,métabolites,pertinent par défaut,0.1,µg/L,,,,,,,
TRAZ2H,6102,TRIETAZINE 2-HYDROXY,Trietazine 2-hydroxy,13532-25-7,pesticides,métabolites,pertinent par défaut,0.1,µg/L,,,,,,,
TRAZDE,5971,TRIETAZINE DESETHYL,Trietazine desethyl,38902-68-0,pesticides,métabolites,pertinent par défaut,0.1,µg/L,,,,,,,
DDVP,1170,DICHLORVOS,Dichlorvos,62-73-7,pesticides,substances actives,,0.1,µg/L,,0.24,,,,,
DIAZ,1157,DIAZINON,Diazinon,333-41-5,pesticides,substances actives,,0.1,µg/L,,0.6,,,,,
CYANZ,1137,CYANAZINE,Cyanazine,21725-46-2,pesticides,substances actives,,0.1,µg/L,,0.6,,,,,
SCT,1662,SULCOTRIONE,Sulcotrione,99105-77-8,pesticides,substances actives,,0.1,µg/L,,0.9,,,,,
CFVP,1464,CHLORFENVINPHOS,Chlorfenvinphos,470-90-6,pesticides,substances actives,,0.1,µg/L,,1.5,,,,,
CYM,1139,CYMOXANIL,Cymoxanil,57966-95-7,pesticides,substances actives,,0.1,µg/L,,1.5,,,,,
KEPONE,1866,CHLORDÉCONE,Chlordécone,143-50-0,pesticides,substances actives,,0.1,µg/L,,1.5,,,,,
SMZ,1263,SIMAZINE,Simazine,122-34-9,pesticides,substances actives,,0.1,µg/L,,2,,,,,
MCPA,1212,"2,4-MCPA","2,4-MCPA",94-74-6,pesticides,substances actives,,0.1,µg/L,,2,,,,,
HCHG,1203,HCH GAMMA (LINDANE),HCH gamma (lindane),58-89-9,pesticides,substances actives,,0.1,µg/L,,2,,,,,
TERBU,1269,TERBUTRYNE,Terbutryne,886-50-0,pesticides,substances actives,,0.1,µg/L,,3,,,,,
AMNTZ,1105,AMINOTRIAZOLE,Aminotriazole,61-82-5,pesticides,substances actives,,0.1,µg/L,,3,,,,,
CARBR,1130,CARBOFURAN,Carbofuran,1563-66-2,pesticides,substances actives,,0.1,µg/L,,3,,,,,
DSEB,1491,DINOSEB,Dinoseb,88-85-7,pesticides,substances actives,,0.1,µg/L,,3,,,,,
FSLZ,1194,FLUSILAZOL,Flusilazol,85509-19-9,pesticides,substances actives,,0.1,µg/L,,3,,,,,
MTHION,1217,MÉTHIDATHION,Méthidathion,950-37-8,pesticides,substances actives,,0.1,µg/L,,3,,,,,
TBZ,1268,TERBUTHYLAZIN,Terbuthylazin,5915-41-3,pesticides,substances actives,,0.1,µg/L,,4.9,,,,,
DIQDBMD,7142,DIQUAT DIBROMIDE,Diquat dibromide,85-00-7,pesticides,substances actives,,0.1,µg/L,,6,,,,,
FOMESAF,2075,FOMESAFEN,Fomesafen,72178-02-0,pesticides,substances actives,,0.1,µg/L,,7.5,,,,,
ISP,1208,ISOPROTURON,Isoproturon,34123-59-6,pesticides,substances actives,,0.1,µg/L,,9,,,,,
FPPMP,1189,FENPROPIMORPHE,Fenpropimorphe,67564-91-4,pesticides,substances actives,,0.1,µg/L,,9,,,,,
LNR,1209,LINURON,Linuron,330-55-2,pesticides,substances actives,,0.1,µg/L,,9,,,,,
PARTHM,1233,PARATHION MÉTHYL,Parathion méthyl,298-00-0,pesticides,substances actives,,0.1,µg/L,,9,,,,,
MLNR,1227,MONOLINURON,Monolinuron,1746-81-2,pesticides,substances actives,,0.1,µg/L,,9,,,,,
MCPP,1539,FÉNOPROP,Fénoprop,93-72-1,pesticides,substances actives,,0.1,µg/L,,9,,,,,
MTC,1221,MÉTOLACHLORE,Métolachlore,51218-45-2,pesticides,substances actives,,0.1,µg/L,,10,,,,,
ACETOCH,1903,ACÉTOCHLORE,Acétochlore,34256-82-1,pesticides,substances actives,,0.1,µg/L,,10,,,,,
FNP,1214,MÉCOPROP,Mécoprop,93-65-2,pesticides,substances actives,,0.1,µg/L,,10,,,,,
OXDZ,1667,OXADIAZON,Oxadiazon,19666-30-9,pesticides,substances actives,,0.1,µg/L,,10.8,,,,,
PSFC,1092,PROSULFOCARBE,Prosulfocarbe,52888-80-9,pesticides,substances actives,,0.1,µg/L,,11,,,,,
GFST,1526,GLUFOSINATE,Glufosinate,51276-47-2,pesticides,substances actives,,0.1,µg/L,,11,,,,,
PROM,1254,PROMÉTHRINE,Prométhrine,7287-19-6,pesticides,substances actives,,0.1,µg/L,,12,,,,,
GFSTNH3,2731,GLUFOSINATE-AMMONIUM,Glufosinate-ammonium,77182-82-2,pesticides,substances actives,,0.1,µg/L,,13,,,,,
FLUTHI,1940,FLUFENACET,Flufenacet,142459-58-3,pesticides,substances actives,,0.1,µg/L,,15,,,,,
IOXY,1205,IOXYNIL,Ioxynil,1689-83-4,pesticides,substances actives,,0.1,µg/L,,15,,,,,
HXCZ,1405,HEXACONAZOLE,Hexaconazole,79983-71-4,pesticides,substances actives,,0.1,µg/L,,15,,,,,
PRQT,1522,PARAQUAT,Paraquat,4685-14-7,pesticides,substances actives,,0.1,µg/L,,15,,,,,
DIU,1177,DIURON,Diuron,330-54-1,pesticides,substances actives,,0.1,µg/L,,21,,,,,
THISUME,1913,THIFENSULFURON MÉTHYL,Thifensulfuron méthyl,79277-27-3,pesticides,substances actives,,0.1,µg/L,,22,,,,,
MESOTRI,2076,MÉSOTRIONE,Mésotrione,104206-82-8,pesticides,substances actives,,0.1,µg/L,,22,,,,,
MTBR,1515,MÉTOBROMURON,Métobromuron,3060-89-7,pesticides,substances actives,,0.1,µg/L,,24,,,,,
DCAMB,1480,DICAMBA,Dicamba,1918-00-9,pesticides,substances actives,,0.1,µg/L,,28,,,,,
CTOL,1136,CHLORTOLURON,Chlortoluron,15545-48-9,pesticides,substances actives,,0.1,µg/L,,30,,,,,
24D,1141,"2,4-D","2,4-D",94-75-7,pesticides,substances actives,,0.1,µg/L,,30,,,,,
CLMPE,1083,CHLORPYRIPHOS ÉTHYL,Chlorpyriphos éthyl,2921-88-2,pesticides,substances actives,,0.1,µg/L,,30,,,,,
TRBNURO,2064,TRIBENURON-MÉTHYLE,Tribenuron-méthyle,101200-48-0,pesticides,substances actives,,0.1,µg/L,,30,,,,,
DICHLB,1679,DICHLOBÉNIL,Dichlobénil,1194-65-6,pesticides,substances actives,,0.1,µg/L,,30,,,,,
BMUCON,1860,BROMUCONAZOLE,Bromuconazole,116255-48-2,pesticides,substances actives,,0.1,µg/L,,30,,,,,
DITHIAN,1966,DITHIANON,Dithianon,3347-22-6,pesticides,substances actives,,0.1,µg/L,,30,,,,,
VCLZ,1291,VINCHLOZOLINE,Vinchlozoline,50471-44-8,pesticides,substances actives,,0.1,µg/L,,30,,,,,
THIR,1718,THIRAME,Thirame,137-26-8,pesticides,substances actives,,0.1,µg/L,,30,,,,,
MTBZ,1225,MÉTRIBUZINE,Métribuzine,21087-64-9,pesticides,substances actives,,0.1,µg/L,,40,,,,,
FLAZASU,1939,FLAZASULFURON,Flazasulfuron,104040-78-0,pesticides,substances actives,,0.1,µg/L,,40,,,,,
FLUXA,7342,FLUXAPYROXAD,Fluxapyroxad,907204-31-3,pesticides,substances actives,,0.1,µg/L,,44,,,,,
CLTHAL,1473,CHLOROTHALONIL,Chlorothalonil,1897-45-6,pesticides,substances actives,,0.1,µg/L,,45,,,,,
FPRO,1700,FENPROPIDIN,Fenpropidin,67306-00-7,pesticides,substances actives,,0.1,µg/L,,51,,,,,
ATRZ,1107,ATRAZINE,Atrazine,1912-24-9,pesticides,substances actives,,0.1,µg/L,,60,,,,,
PROP,1256,PROPAZINE,Propazine,139-40-2,pesticides,substances actives,,0.1,µg/L,,60,,,,,
DMTH,1678,DIMÉTHÉNAMIDE,Diméthénamide,87674-68-8,pesticides,substances actives,,0.1,µg/L,,60,,,,,
CBDZ,1129,CARBENDAZIME,Carbendazime,10605-21-7,pesticides,substances actives,,0.1,µg/L,,60,,,,,
METACET,1796,MÉTALDÉHYDE,Métaldéhyde,108-62-3,pesticides,substances actives,,0.1,µg/L,,60,,,,,
NFZ,1669,NORFLURAZON,Norflurazon,27314-13-2,pesticides,substances actives,,0.1,µg/L,,60,,,,,
PROSULF,2534,PROSULFURON,Prosulfuron,94125-34-5,pesticides,substances actives,,0.1,µg/L,,60,,,,,
ISOXAFL,1945,ISOXAFLUTOLE,Isoxaflutole,141112-29-0,pesticides,substances actives,,0.1,µg/L,,60,,,,,
PPX,1535,PROPOXUR,Propoxur,114-26-1,pesticides,substances actives,,0.1,µg/L,,60,,,,,
DMTHP,5617,DIMETHENAMIDE-P,Dimethenamide-p,163515-14-8,pesticides,substances actives,,0.1,µg/L,,60,,,,,
DAL_SPD,2094,DALAPON SPD,Dalapon spd,75-99-0,pesticides,substances actives,,0.1,µg/L,,66,,,,,
DALAPON,2094,DALAPON 85,Dalapon 85,75-99-0,pesticides,substances actives,,0.1,µg/L,,66,,,,,
CHLOMEQ,2097,CHLOROMÉQUAT CHLORURE (UTILISER CLM,Chloroméquat chlorure (utiliser CLMQ),999-81-5,pesticides,substances actives,,0.1,µg/L,,68,,,,,
THBZ,1713,THIABENDAZOLE,Thiabendazole,148-79-8,pesticides,substances actives,,0.1,µg/L,,73,,,,,
IMAZ,1704,IMAZALILE,Imazalile,35554-44-0,pesticides,substances actives,,0.1,µg/L,,75,,,,,
FCLRD,1675,FLUROCHLORIDONE,Flurochloridone,61213-25-0,pesticides,substances actives,,0.1,µg/L,,89,,,,,
TBCZ,1694,TÉBUCONAZOLE,Tébuconazole,107534-96-3,pesticides,substances actives,,0.1,µg/L,,90,,,,,
PMPA,1359,CYPRODINIL,Cyprodinil,121552-61-2,pesticides,substances actives,,0.1,µg/L,,90,,,,,
MALTH,1210,MALATHION,Malathion,121-75-5,pesticides,substances actives,,0.1,µg/L,,90,,,,,
FENAMID,2057,FÉNAMIDONE,Fénamidone,161326-34-7,pesticides,substances actives,,0.1,µg/L,,90,,,,,
PYRD,1259,PYRIDATE,Pyridate,55512-33-9,pesticides,substances actives,,0.1,µg/L,,108,,,,,
PRPZ,1414,PROPYZAMIDE,Propyzamide,23950-58-5,pesticides,substances actives,,0.1,µg/L,,110,,,,,
DCP,1169,DICHLORPROP,Dichlorprop,120-36-5,pesticides,substances actives,,0.1,µg/L,,110,,,,,
PPCNZ,1257,PROPICONAZOLE,Propiconazole,60207-90-1,pesticides,substances actives,,0.1,µg/L,,120,,,,,
BOSCALI,5526,BOSCALID,Boscalid,188425-85-6,pesticides,substances actives,,0.1,µg/L,,120,,,,,
DMTM,1403,DIMÉTHOMORPHE,Diméthomorphe,110488-70-5,pesticides,substances actives,,0.1,µg/L,,150,,,,,
IMIDA,1877,IMIDACLOPRIDE,Imidaclopride,138261-41-3,pesticides,substances actives,,0.1,µg/L,,180,,,,,
CBTM,1333,CARBÉTAMIDE,Carbétamide,16118-49-3,pesticides,substances actives,,0.1,µg/L,,180,,,,,
IMAT,1695,IMAZAMÉTHABENZ,Imazaméthabenz,100728-84-5,pesticides,substances actives,,0.1,µg/L,,180,,,,,
FLUTO,2985,FLUTOLANIL,Flutolanil,66332-96-5,pesticides,substances actives,,0.1,µg/L,,200,,,,,
DIMEFUR,1870,DIMÉFURON,Diméfuron,34205-21-5,pesticides,substances actives,,0.1,µg/L,,210,,,,,
PROPAMO,6398,PROPAMOCARBE,Propamocarbe,24579-73-5,pesticides,substances actives,,0.1,µg/L,,223,,,,,
METAL,1706,MÉTALAXYLE,Métalaxyle,57837-19-1,pesticides,substances actives,,0.1,µg/L,,240,,,,,
METALM,2987,MÉFÉNOXAM,Méfénoxam,70630-17-0,pesticides,substances actives,,0.1,µg/L,,240,,,,,
NAPR,1519,NAPROPAMIDE,Napropamide,15299-99-7,pesticides,substances actives,,0.1,µg/L,,266,,,,,
PDM,1234,PENDIMÉTHALINE,Pendiméthaline,40487-42-1,pesticides,substances actives,,0.1,µg/L,,277,,,,,
BTZ,1113,BENTAZONE,Bentazone,25057-89-0,pesticides,substances actives,,0.1,µg/L,,300,,,,,
CLDZ,1133,CHLORIDAZONE,Chloridazone,1698-60-8,pesticides,substances actives,,0.1,µg/L,,300,,,,,
DIMETAC,2546,DIMÉTACHLORE,Dimétachlore,50563-36-5,pesticides,substances actives,,0.1,µg/L,,300,,,,,
CLETHO,2978,CLETHODIME,Clethodime,99129-21-2,pesticides,substances actives,,0.1,µg/L,,355,,,,,
BRMCL,1686,BROMACIL,Bromacil,314-40-9,pesticides,substances actives,,0.1,µg/L,,390,,,,,
CLOMAZO,2017,CLOMAZONE,Clomazone,81777-89-1,pesticides,substances actives,,0.1,µg/L,,400,,,,,
AZOXYST,1951,AZOXYSTROBINE,Azoxystrobine,131860-33-8,pesticides,substances actives,,0.1,µg/L,,400,,,,,
CLOPY,1810,CLOPYRALID,Clopyralid,1702-17-6,pesticides,substances actives,,0.1,µg/L,,450,,,,,
DFF,1814,DIFLUFÉNICANIL,Diflufénicanil,83164-33-4,pesticides,substances actives,,0.1,µg/L,,600,,,,,
AMIDOSU,2012,AMIDOSULFURON,Amidosulfuron,120923-37-7,pesticides,substances actives,,0.1,µg/L,,600,,,,,
PPBTX,1709,PIPERONIL BUTOXIDE,Piperonil butoxide,51-03-6,pesticides,substances actives,,0.1,µg/L,,600,,,,,
MEPIQUA,1969,MEPIQUAT,Mepiquat,15302-91-7,pesticides,substances actives,,0.1,µg/L,,600,,,,,
IMETS,1797,METSULFURON MÉTHYL,Metsulfuron méthyl,74223-64-6,pesticides,substances actives,,0.1,µg/L,,660,,,,,
ETFS,1184,ETHOFUMÉSATE,Ethofumésate,26225-79-6,pesticides,substances actives,,0.1,µg/L,,667,,,,,
DTFC,1402,DIETHOFENCARBE,Diethofencarbe,87130-20-9,pesticides,substances actives,,0.1,µg/L,,950,,,,,
FPYR,1765,FLUROXYPIR,Fluroxypir,69377-81-7,pesticides,substances actives,,0.1,µg/L,,2400,,,,,
FPYRM,2547,FLUROXYPIR-MEPTYL,Fluroxypir-meptyl,81406-37-3,pesticides,substances actives,,0.1,µg/L,,2400,,,,,
NICOSUL,1882,NICOSULFURON,Nicosulfuron,111991-09-4,pesticides,substances actives,,0.1,µg/L,,2780,,,,,
MESOSUL,2578,MÉSOSULFURON-MÉTHYL,Mésosulfuron-méthyl,208465-21-8,pesticides,substances actives,,0.1,µg/L,,3000,,,,,
IMAMOX,2986,IMAZAMOX,Imazamox,114311-32-9,pesticides,substances actives,,0.1,µg/L,,9000,,,,,
EFOSITE,1975,FOSETYL-ALUMINIUM,Fosetyl-aluminium,39148-24-8,pesticides,substances actives,,0.1,µg/L,,9000,,,,,
HCHB,1201,HCH BÉTA,HCH béta,319-85-7,pesticides,substances actives,,0.1,µg/L,,"0,017 (associée à ERI = 10-6)",,,,,
ANTHRAQ,2013,ANTHRAQUINONE (PESTICIDE),Anthraquinone (pesticide),84-65-1,pesticides,substances actives,,0.1,µg/L,,"0,5 (associée à ERI =  10-6)",,,,,
IPD,1206,IPRODIONE,Iprodione,36734-19-7,pesticides,substances actives,,0.1,µg/L,,"0,6 (associée à ERI = 10-6)",,,,,
PROCYM,1664,PROCYMIDONE,Procymidone,32809-16-8,pesticides,substances actives,,0.1,µg/L,,"0,9 (associée à ERI = 10^-6)",,,,,
ALCL,1101,ALACHLORE,Alachlore,15972-60-8,pesticides,substances actives,,0.1,µg/L,,"2 (associée à ERI =
 10-6)",,,,,
ETDMR,1763,ETHIDIMURON,Ethidimuron,30043-49-3,pesticides,substances actives,,0.1,µg/L,,Absence,,,,,
TAM,1661,TÉBUTAM,Tébutam,35256-85-0,pesticides,substances actives,,0.1,µg/L,,Absence,,,,,
FNUR,1500,FÉNURON,Fénuron,101-42-8,pesticides,substances actives,,0.1,µg/L,,Absence,,,,,
MTBZTZ,1216,MÉTABENZTHIAZURON,Métabenzthiazuron,18691-97-9,pesticides,substances actives,,0.1,µg/L,,Absence,,,,,
SECB,1262,SECBUMÉTON,Secbuméton,26259-45-0,pesticides,substances actives,,0.1,µg/L,,Absence,,,,,
NBR,1520,NÉBURON,Néburon,555-37-3,pesticides,substances actives,,0.1,µg/L,,Absence,,,,,
TFU,1714,THIAZFLURON,Thiazfluron,25366-23-8,pesticides,substances actives,,0.1,µg/L,,Absence,,,,,
LFLAM,1840,FLAMPROP-ISOPROPYL,Flamprop-isopropyl,52756-22-6,pesticides,substances actives,,0.1,µg/L,,Absence,,,,,
CCHOLIN,2977,CHLORURE DE CHOLINE,Chlorure de choline,67-48-1,pesticides,substances actives,,0.1,µg/L,,Absence,,,,,
METZCL,1670,MÉTAZACHLORE,Métazachlore,67129-08-02,pesticides,substances actives,,0.1,µg/L,,,,,,,
MTMI,1215,MÉTAMITRONE,Métamitrone,41394-05-02,pesticides,substances actives,,0.1,µg/L,,,,,,,
HXZN,1673,HEXAZINONE,Hexazinone,51235-04-02,pesticides,substances actives,,0.1,µg/L,,,,,,,
TERBM,1266,TERBUMÉTON,Terbuméton,33693-04-08,pesticides,substances actives,,0.1,µg/L,,,,,,,
IXB,1672,ISOXABEN,Isoxaben,82558-50-7,pesticides,substances actives,,0.1,µg/L,,,,,,,
TCPY,1288,TRICLOPYR,Triclopyr,55335-06-03,pesticides,substances actives,,0.1,µg/L,,,,,,,
PCLR,1253,PROCHLORAZE,Prochloraze,67747-09-05,pesticides,substances actives,,0.1,µg/L,,,,,,,
ODX,1666,OXADIXYL,Oxadixyl,77732-09-03,pesticides,substances actives,,0.1,µg/L,,,,,,,
EPOXCZ,1744,EPOXYCONAZOLE,Epoxyconazole,133855-98-8,pesticides,substances actives,,0.1,µg/L,,,,,,,
PMC,1528,PYRIMICARBE,Pyrimicarbe,23103-98-2,pesticides,substances actives,,0.1,µg/L,,,,,,,
GPST,1506,GLYPHOSATE,Glyphosate,1071-83-6,pesticides,substances actives,,0.1,µg/L,,,,,,,
PRMTN,1432,PYRIMÉTHANIL,Pyriméthanil,53112-28-0,pesticides,substances actives,,0.1,µg/L,,,,,,,
CPCNZ,1680,CYPROCONAZOL,Cyproconazol,94361-06-05,pesticides,substances actives,,0.1,µg/L,,,,,,,
METCONA,1879,METCONAZOL,Metconazol,125116-23-6,pesticides,substances actives,,0.1,µg/L,,,,,,,
DTERB,1176,DINOTERBE,Dinoterbe,1420-07-01,pesticides,substances actives,,0.1,µg/L,,,,,,,
QUINMR,2087,QUIMERAC,Quimerac,90717-03-06,pesticides,substances actives,,0.1,µg/L,,,,,,,
FLUDIOX,2022,FLUDIOXONIL,Fludioxonil,131341-86-1,pesticides,substances actives,,0.1,µg/L,,,,,,,
LNCE,1406,LENACILE,Lenacile,01/08/2164,pesticides,substances actives,,0.1,µg/L,,,,,,,
CNPA,1688,ACLONIFEN,Aclonifen,74070-46-5,pesticides,substances actives,,0.1,µg/L,,,,,,,
CYINE,1140,CYPERMÉTHRINE,Cyperméthrine,52315-07-08,pesticides,substances actives,,0.1,µg/L,,,,,,,
ORZ,1668,ORYZALIN,Oryzalin,19044-88-3,pesticides,substances actives,,0.1,µg/L,,,,,,,
BRXY,1125,BROMOXYNIL,Bromoxynil,1689-84-5,pesticides,substances actives,,0.1,µg/L,,,,,,,
TCNZ,1660,TÉTRACONAZOLE,Tétraconazole,112281-77-3,pesticides,substances actives,,0.1,µg/L,,,,,,,
SPIROX,2664,SPIROXAMINE,Spiroxamine,118134-30-8,pesticides,substances actives,,0.1,µg/L,,,,,,,
FLURTAM,2008,FLURTAMONE,Flurtamone,96525-23-4,pesticides,substances actives,,0.1,µg/L,,,,,,,
IODOSU,6483,IODOSULFURON-METHYL-SODIUM,Iodosulfuron-methyl-sodium,144550-36-7,pesticides,substances actives,,0.1,µg/L,,,,,,,
DIFENOC,1905,DIFÉNOCONAZOLE,Difénoconazole,119446-68-3,pesticides,substances actives,,0.1,µg/L,,,,,,,
ALDR,1103,ALDRINE,Aldrine,309-00-2,pesticides,substances actives,,0.03,µg/L,,,,,,,
AMTH,1104,AMÉTHRYNE,Améthryne,0834-12-8,pesticides,substances actives,,0.1,µg/L,,,,,,,
BENOXA,2074,BENOXACOR,Benoxacor,98730-04-02,pesticides,substances actives,,0.1,µg/L,,,,,,,
HCHD,1202,HCH DELTA,HCH delta,319-86-8,pesticides,substances actives,,0.1,µg/L,,,,,,,
HEP,1197,HEPTACHLORE,Heptachlore,76-44-8,pesticides,substances actives,,0.03,µg/L,,,,,,,
HEOD,1173,DIELDRINE,Dieldrine,60-57-1,pesticides,substances actives,,0.03,µg/L,,,,,,,
HCHA,1200,HCH ALPHA,HCH alpha,319-84-6,pesticides,substances actives,,0.1,µg/L,,,,,,,
ACET,5579,ACÉTAMIPRID,Acétamiprid,135410-20-7,pesticides,substances actives,,0.1,µg/L,,,,,,,
TRIF,1289,TRIFLURALINE,Trifluraline,1582-09-08,pesticides,substances actives,,0.1,µg/L,,,,,,,
FIPRO,2009,FIPRONIL,Fipronil,120068-37-3,pesticides,substances actives,,0.1,µg/L,,,,,,,
CLMQ,5554,CHLORMEQUAT,Chlormequat,7003-89-6,pesticides,substances actives,,0.1,µg/L,,,,,,,
CPPH,1474,CHLORPROPHAME,Chlorprophame,101-21-3,pesticides,substances actives,,0.1,µg/L,,,,,,,
SULFRN,2085,SULFOSULFURON,Sulfosulfuron,141776-32-1,pesticides,substances actives,,0.1,µg/L,,,,,,,
CYCLOXY,2729,CYCLOXYDIME,Cycloxydime,101205-02-1,pesticides,substances actives,,0.1,µg/L,,,,,,,
MNR,1228,MONURON,Monuron,150-68-5,pesticides,substances actives,,0.1,µg/L,,,,,,,
DNOC,1490,DINITROCRÉSOL,Dinitrocrésol,534-52-1,pesticides,substances actives,,0.1,µg/L,,,,,,,
DIMTH,1175,DIMÉTHOATE,Diméthoate,60-51-5,pesticides,substances actives,,0.1,µg/L,,,,,,,
TBTR,1542,THÉBUTHIURON,Thébuthiuron,34014-18-1,pesticides,substances actives,,0.1,µg/L,,,,,,,
CHLPM,1540,CHLORPYRIPHOS MÉTHYL,Chlorpyriphos méthyl,5598-13-0,pesticides,substances actives,,0.1,µg/L,,,,,,,
DCFL,1172,DICOFOL,Dicofol,115-32-2,pesticides,substances actives,,0.1,µg/L,,,,,,,
CLOT,6389,CLOTHIANIDINE,Clothianidine,210880-92-5,pesticides,substances actives,,0.1,µg/L,,,,,,,
PYRAC,2576,PYRACLOSTROBINE,Pyraclostrobine,175013-18-0,pesticides,substances actives,,0.1,µg/L,,,,,,,
DDT44,1148,"DDT-4,4'","DDT-4,4'",50-29-3,pesticides,substances actives,,0.1,µg/L,,,,,,,
FENBUCO,1906,FENBUCONAZOLE,Fenbuconazole,114369-43-6,pesticides,substances actives,,0.1,µg/L,,,,,,,
THIAMET,6390,THIAMETHOXAM,Thiamethoxam,153719-23-4,pesticides,substances actives,,0.1,µg/L,,,,,,,
PYROX,7340,PYROXSULAME,Pyroxsulame,422556-08-9,pesticides,substances actives,,0.1,µg/L,,,,,,,
QUINOXY,2028,QUINOXYFEN,Quinoxyfen,124495-18-7,pesticides,substances actives,,0.1,µg/L,,,,,,,
IMATMET,1911,IMAZAMÉTHABENZ-MÉTHYL,Imazaméthabenz-méthyl,81405-85-8,pesticides,substances actives,,0.1,µg/L,,,,,,,
PRT,1523,PERMÉTHRINE,Perméthrine,52645-53-1,pesticides,substances actives,,0.1,µg/L,,,,,,,
SEBUT,1923,SÉBUTHYLAZINE,Sébuthylazine,7286-69-3,pesticides,substances actives,,0.1,µg/L,,,,,,,
MYCLOSS,1881,MYCLOBUTANIL,Myclobutanil,88671-89-0,pesticides,substances actives,,0.1,µg/L,,,,,,,
FORASUL,2806,FORAMSULFURON,Foramsulfuron,173159-57-4,pesticides,substances actives,,0.1,µg/L,,,,,,,
DMTRY,1155,DESMÉTRYNE,Desmétryne,1014-69-3,pesticides,substances actives,,0.1,µg/L,,,,,,,
TRINEXA,2096,TRINÉXAPAC-ÉTHYL,Trinéxapac-éthyl,95266-40-3,pesticides,substances actives,,0.1,µg/L,,,,,,,
TRIFLX,2678,TRIFLOXYSTROBINE,Trifloxystrobine,141517-21-7,pesticides,substances actives,,0.1,µg/L,,,,,,,
DTINE,1149,DELTAMÉTHRINE,Deltaméthrine,52918-63-5,pesticides,substances actives,,0.1,µg/L,,,,,,,
CYBUT,1935,CYBUTRYNE,Cybutryne,28159-98-0,pesticides,substances actives,,0.1,µg/L,,,,,,,
THIACLO,5671,THIACLOPRIDE,Thiaclopride,111988-49-9,pesticides,substances actives,,0.1,µg/L,,,,,,,
KRESOXI,1950,KRESOXIM-MÉTHYLE,Kresoxim-méthyle,143390-89-0,pesticides,substances actives,,0.1,µg/L,,,,,,,
HCHTOT4,5537,HCH ALPHA+BETA+DELTA+GAMMA,HCH alpha+beta+delta+gamma,,pesticides,substances actives,,0.1,µg/L,,,,,,,
CANT,7500,CHLORANTRANILIPROLE,Chlorantraniliprole,500008-45-7,pesticides,substances actives,,0.1,µg/L,,,,,,,
BFNX,1119,BIFENOX,Bifenox,42576-02-03,pesticides,substances actives,,0.1,µg/L,,,,,,,
TLL,1281,TRIALLATE,Triallate,2303-17-5,pesticides,substances actives,,0.1,µg/L,,,,,,,
DDT24,1147,"DDT-2,4'","DDT-2,4'",0789-02-06,pesticides,substances actives,,0.1,µg/L,,,,,,,
FLOAMD,6393,FLONICAMIDE,Flonicamide,158062-67-0,pesticides,substances actives,,0.1,µg/L,,,,,,,
FTFL,1503,FLUTRIAFOL,Flutriafol,76674-21-0,pesticides,substances actives,,0.1,µg/L,,,,,,,
245T,1264,"2,4,5-T","2,4,5-T",93-76-5,pesticides,substances actives,,0.1,µg/L,,,,,,,
BFLN,1112,BENFLURALINE,Benfluraline,1861-40-1,pesticides,substances actives,,0.1,µg/L,,,,,,,
FENOXY,1967,FENOXYCARBE,Fenoxycarbe,79127-80-3,pesticides,substances actives,,0.1,µg/L,,,,,,,
DIQUAT,1699,DIQUAT,Diquat,2764-72-9,pesticides,substances actives,,0.1,µg/L,,,,,,,
FLORAS,2810,FLORASULAM,Florasulam,145701-23-1,pesticides,substances actives,,0.1,µg/L,,,,,,,
CBRYL,1463,CARBARYL,Carbaryl,63-25-2,pesticides,substances actives,,0.1,µg/L,,,,,,,
CHINE,1094,LAMBDA CYHALOTHRINE,Lambda Cyhalothrine,91465-08-06,pesticides,substances actives,,0.1,µg/L,,,,,,,
MCPB,1213,"2,4-MCPB","2,4-MCPB",94-81-5,pesticides,substances actives,,0.1,µg/L,,,,,,,
BFINE,1120,BIFENTHRINE,Bifenthrine,82657-04-03,pesticides,substances actives,,0.1,µg/L,,,,,,,
TRSULFM,2991,TRIFLUSULFURON-METHYL,Triflusulfuron-methyl,126535-15-7,pesticides,substances actives,,0.1,µg/L,,,,,,,
PACLOBU,2545,PACLOBUTRAZOLE,Paclobutrazole,76738-62-0,pesticides,substances actives,,0.1,µg/L,,,,,,,
TDMF,1544,TRIADIMÉFON,Triadiméfon,43121-43-3,pesticides,substances actives,,0.1,µg/L,,,,,,,
PARTH,1232,PARATHION ÉTHYL,Parathion éthyl,56-38-2,pesticides,substances actives,,0.1,µg/L,,,,,,,
MTZ,1222,MÉTOXURON,Métoxuron,19937-59-8,pesticides,substances actives,,0.1,µg/L,,,,,,,
OXYFLUO,1952,OXYFLUORFENE,Oxyfluorfene,42874-03-03,pesticides,substances actives,,0.1,µg/L,,,,,,,
DFB,1488,DIFLUBENZURON,Diflubenzuron,35367-38-5,pesticides,substances actives,,0.1,µg/L,,,,,,,
TEFLUTH,1953,TEFLUTHRINE,Tefluthrine,79538-32-2,pesticides,substances actives,,0.1,µg/L,,,,,,,
EPROP,1495,ETHOPROPHOS,Ethoprophos,13194-48-4,pesticides,substances actives,,0.1,µg/L,,,,,,,
ASULAME,1965,ASULAME,Asulame,3337-71-1,pesticides,substances actives,,0.1,µg/L,,,,,,,
METRAF,5654,METRAFENONE,Metrafenone,220899-03-6,pesticides,substances actives,,0.1,µg/L,,,,,,,
BIX,7345,BIXAFEN,Bixafen,581809-46-3,pesticides,substances actives,,0.1,µg/L,,,,,,,
ENDOT,1743,ENDOSULFAN TOTAL,Endosulfan total,115-29-7,pesticides,substances actives,,0.1,µg/L,,,,,,,
ZOXAMID,2858,ZOXAMIDE,Zoxamide,156052-68-5,pesticides,substances actives,,0.1,µg/L,,,,,,,
BAX,1687,BÉNALAXYL,Bénalaxyl,71626-11-4,pesticides,substances actives,,0.1,µg/L,,,,,,,
PENCYCU,1887,PENCYCURON,Pencycuron,66063-05-06,pesticides,substances actives,,0.1,µg/L,,,,,,,
TRITO,7087,TRITOSULFURON,Tritosulfuron,142469-14-5,pesticides,substances actives,,0.1,µg/L,,,,,,,
PYRMM,1261,PYRIMIPHOS MÉTHYL,Pyrimiphos méthyl,29232-93-7,pesticides,substances actives,,0.1,µg/L,,,,,,,
FLUAZB,1825,FLUAZIFOP BUTYL,Fluazifop butyl,69806-50-4,pesticides,substances actives,,0.1,µg/L,,,,,,,
FENHEXA,2743,FENHEXAMID,Fenhexamid,126833-17-8,pesticides,substances actives,,0.1,µg/L,,,,,,,
MTHC,1510,MÉTHIOCARB,Méthiocarb,2032-65-7,pesticides,substances actives,,0.1,µg/L,,,,,,,
ACIFLUO,1970,ACIFLUORFEN,Acifluorfen,50594-66-6,pesticides,substances actives,,0.1,µg/L,,,,,,,
RSFU,1892,RIMSULFURON,Rimsulfuron,122931-48-0,pesticides,substances actives,,0.1,µg/L,,,,,,,
PICOX,2669,PICOXYSTROBINE,Picoxystrobine,117428-22-5,pesticides,substances actives,,0.1,µg/L,,,,,,,
TCM,7517,THIENCARBAZONE-METHYL,Thiencarbazone-methyl,317815-83-1,pesticides,substances actives,,0.1,µg/L,,,,,,,
24DB,1142,"2,4-DB","2,4-DB",94-82-6,pesticides,substances actives,,0.1,µg/L,,,,,,,
FOSTHIA,2744,FOSTHIAZATE,Fosthiazate,98886-44-3,pesticides,substances actives,,0.1,µg/L,,,,,,,
PYMET,5416,PYMÉTROZINE,Pymétrozine,123312-89-0,pesticides,substances actives,,0.1,µg/L,,,,,,,
PROTHIO,5603,PROTHIOCONAZOLE,Prothioconazole,178928-70-6,pesticides,substances actives,,0.1,µg/L,,,,,,,
PICLO,1708,PICLORAME,Piclorame,01/02/1918,pesticides,substances actives,,0.1,µg/L,,,,,,,
FLUPYR,2565,FLUPYRSULFURON-MÉTHYLE,Flupyrsulfuron-méthyle,144740-54-5,pesticides,substances actives,,0.1,µg/L,,,,,,,
MTMY,1218,MÉTHOMYL,Méthomyl,16752-77-5,pesticides,substances actives,,0.1,µg/L,,,,,,,
PINOX,7057,PINOXADEN,Pinoxaden,243973-20-8,pesticides,substances actives,,0.1,µg/L,,,,,,,
PHM,1665,PHOXIME,Phoxime,14816-18-3,pesticides,substances actives,,0.1,µg/L,,,,,,,
FLUQUIN,2056,FLUQUINCONAZOLE,Fluquinconazole,136426-54-5,pesticides,substances actives,,0.1,µg/L,,,,,,,
IPROVAL,2951,IPROVALICARB,Iprovalicarb,140923-17-7,pesticides,substances actives,,0.1,µg/L,,,,,,,
FMTH,1501,FLUOMÉTURON,Fluométuron,2164-17-2,pesticides,substances actives,,0.1,µg/L,,,,,,,
PHOSL,1237,PHOSALONE,Phosalone,2310-17-0,pesticides,substances actives,,0.1,µg/L,,,,,,,
ENDR,1181,ENDRINE,Endrine,72-20-8,pesticides,substances actives,,0.1,µg/L,,,,,,,
ACYINE,1812,ALPHAMÉTHRINE,Alphaméthrine,67375-30-8,pesticides,substances actives,,0.1,µg/L,,,,,,,
MOL,1707,MOLINATE,Molinate,2212-67-1,pesticides,substances actives,,0.1,µg/L,,,,,,,
FLPIDE,7499,FLUOPICOLIDE,Fluopicolide,239110-15-7,pesticides,substances actives,,0.1,µg/L,,,,,,,
OXDM,1231,OXYDÉMÉTON MÉTHYL,Oxydéméton méthyl,0301-12-2,pesticides,substances actives,,0.1,µg/L,,,,,,,
CYAZOF,5567,CYAZOFAMIDE,Cyazofamide,120116-88-3,pesticides,substances actives,,0.1,µg/L,,,,,,,
PROMN,1711,PROMÉTON,Prométon,1610-18-0,pesticides,substances actives,,0.1,µg/L,,,,,,,
FENOXA,1973,FÉNOXAPROP-ÉTHYL,Fénoxaprop-éthyl,66441-23-4,pesticides,substances actives,,0.1,µg/L,,,,,,,
PECNZ,1762,PENCONAZOLE,Penconazole,66246-88-6,pesticides,substances actives,,0.1,µg/L,,,,,,,
BTRON,1531,BUTURON,Buturon,3766-60-7,pesticides,substances actives,,0.1,µg/L,,,,,,,
TDMN,1280,TRIADIMENOL,Triadimenol,55219-65-3,pesticides,substances actives,,0.1,µg/L,,,,,,,
PPCHL,1712,PROPACHLORE,Propachlore,1918-16-7,pesticides,substances actives,,0.1,µg/L,,,,,,,
MTX,1511,MÉTHOXYCHLORE,Méthoxychlore,72-43-5,pesticides,substances actives,,0.1,µg/L,,,,,,,
BTTNL,1529,BITERTANOL,Bitertanol,55179-31-2,pesticides,substances actives,,0.1,µg/L,,,,,,,
TITCNZ,2992,TRITICONAZOLE,Triticonazole,131983-72-7,pesticides,substances actives,,0.1,µg/L,,,,,,,
CLOQMEX,2018,CLOQUINTOCET-MEXYL,Cloquintocet-mexyl,99607-70-2,pesticides,substances actives,,0.1,µg/L,,,,,,,
PETHO,7519,PETHOXAMIDE,Pethoxamide,106700-29-2,pesticides,substances actives,,0.1,µg/L,,,,,,,
ESFENV,1809,ESFENVALÉRATE,Esfenvalérate,66230-04-04,pesticides,substances actives,,0.1,µg/L,,,,,,,
CYSUL,7801,CYPROSULFAMIDE,Cyprosulfamide,221667-31-8,pesticides,substances actives,,0.1,µg/L,,,,,,,
BRXYOC,1941,BROMOXYNIL OCTANOATE,Bromoxynil octanoate,1689-99-2,pesticides,substances actives,,0.1,µg/L,,,,,,,
DINICO,1871,DINICONAZOLE,Diniconazole,83657-24-3,pesticides,substances actives,,0.1,µg/L,,,,,,,
CARBOX,2975,CARBOXINE,Carboxine,5234-68-4,pesticides,substances actives,,0.1,µg/L,,,,,,,
TBZDE,1895,TÉBUFÉNOZIDE,Tébufénozide,112410-23-8,pesticides,substances actives,,0.1,µg/L,,,,,,,
TFBZURO,1897,TEFLUBENZURON,Teflubenzuron,83121-18-0,pesticides,substances actives,,0.1,µg/L,,,,,,,
FLUAZF,6545,FLUAZIFOP,Fluazifop,69335-91-7,pesticides,substances actives,,0.1,µg/L,,,,,,,
CPC,1684,CHLOROPHACINONE,Chlorophacinone,3691-35-8,pesticides,substances actives,,0.1,µg/L,,,,,,,
SITN,5477,SIMÉTRYNE,Simétryne,1014-70-6,pesticides,substances actives,,0.1,µg/L,,,,,,,
CYROMAZ,2897,CYROMAZINE,Cyromazine,66215-27-8,pesticides,substances actives,,0.1,µg/L,,,,,,,
MEFENPD,2930,MEFENPYR DIETHYL,Mefenpyr diethyl,135590-91-9,pesticides,substances actives,,0.1,µg/L,,,,,,,
BROMADI,1859,BROMADIOLONE,Bromadiolone,28772-56-7,pesticides,substances actives,,0.1,µg/L,,,,,,,
QUIZO,2069,QUIZALOFOP,Quizalofop,76578-12-6,pesticides,substances actives,,0.1,µg/L,,,,,,,
FERI,1185,FÉNARIMOL,Fénarimol,60168-88-9,pesticides,substances actives,,0.1,µg/L,,,,,,,
THIOPM,1717,THIOPHANATE MÉTHYL,Thiophanate méthyl,23564-05-08,pesticides,substances actives,,0.1,µg/L,,,,,,,
OXYM,1850,OXAMYL,Oxamyl,23135-22-0,pesticides,substances actives,,0.1,µg/L,,,,,,,
THIODIC,1093,THIODICARBE,Thiodicarbe,59669-26-0,pesticides,substances actives,,0.1,µg/L,,,,,,,
THIDIAZ,5934,THIDIAZURON,Thidiazuron,51707-55-2,pesticides,substances actives,,0.1,µg/L,,,,,,,
BUT,1126,BUTRALINE,Butraline,33629-47-9,pesticides,substances actives,,0.1,µg/L,,,,,,,
CSFU,1353,CHLORSULFURON,Chlorsulfuron,64902-72-3,pesticides,substances actives,,0.1,µg/L,,,,,,,
CLODINA,2095,CLODINAFOP-PROPARGYL,Clodinafop-propargyl,105512-06-9,pesticides,substances actives,,0.1,µg/L,,,,,,,
MPNI,5533,MÉPANIPYRIM,Mépanipyrim,110235-47-7,pesticides,substances actives,,0.1,µg/L,,,,,,,
COMLI,1696,CYCLURON,Cycluron,2163-69-1,pesticides,substances actives,,0.1,µg/L,,,,,,,
FXAS,5638,FLUOXASTROBINE,Fluoxastrobine,361377-29-9,pesticides,substances actives,,0.1,µg/L,,,,,,,
PROPAQU,1972,PROPAQUIZAFOP,Propaquizafop,111479-05-1,pesticides,substances actives,,0.1,µg/L,,,,,,,
CADUSAF,1863,CADUSAFOS,Cadusafos,95465-99-9,pesticides,substances actives,,0.1,µg/L,,,,,,,
AZINE,1110,AZINPHOS ÉTHYL,Azinphos éthyl,2642-71-9,pesticides,substances actives,,0.1,µg/L,,,,,,,
CLAHA,7010,CHLORDANE ALPHA,Chlordane alpha,5103-71-9,pesticides,substances actives,,0.1,µg/L,,,,,,,
TEMBO,7086,TEMBOTRIONE,Tembotrione,335104-84-2,pesticides,substances actives,,0.1,µg/L,,,,,,,
FOLPEL,1192,FOLPEL,Folpel,0133-07-03,pesticides,substances actives,,0.1,µg/L,,,,,,,
TBPYR,1896,TÉBUFENPYRAD,Tébufenpyrad,119168-77-3,pesticides,substances actives,,0.1,µg/L,,,,,,,
FLUAZN,2984,FLUAZINAM,Fluazinam,79622-59-6,pesticides,substances actives,,0.1,µg/L,,,,,,,
DCFMT,1171,DICLOFOP MÉTHYL,Diclofop méthyl,51338-27-3,pesticides,substances actives,,0.1,µg/L,,,,,,,
IALDR,1207,ISODRINE,Isodrine,465-73-6,pesticides,substances actives,,0.1,µg/L,,,,,,,
TRIASUL,1914,TRIASULFURON,Triasulfuron,82097-50-5,pesticides,substances actives,,0.1,µg/L,,,,,,,
FENIT,1187,FENITROTHION,Fenitrothion,122-14-5,pesticides,substances actives,,0.1,µg/L,,,,,,,
HXFLUMU,1875,HEXAFLUMURON,Hexaflumuron,86479-06-03,pesticides,substances actives,,0.1,µg/L,,,,,,,
CYFLTH,1681,CYFLUTHRINE,Cyfluthrine,68359-37-5,pesticides,substances actives,,0.1,µg/L,,,,,,,
CARFENE,2976,CARFENTRAZONE ÉTHYLE,Carfentrazone éthyle,128639-02-1,pesticides,substances actives,,0.1,µg/L,,,,,,,
CLBROMU,2016,CHLORBROMURON,Chlorbromuron,13360-45-7,pesticides,substances actives,,0.1,µg/L,,,,,,,
FLUXR,1676,FLUFÉNOXURON,Flufénoxuron,101463-69-8,pesticides,substances actives,,0.1,µg/L,,,,,,,
VMDT,1290,VAMIDOTHION,Vamidothion,2275-23-2,pesticides,substances actives,,0.1,µg/L,,,,,,,
ADC,1102,ALDICARBE,Aldicarbe,0116-06-03,pesticides,substances actives,,0.1,µg/L,,,,,,,
OOA,1230,OMÉTHOATE,Ométhoate,1113-02-06,pesticides,substances actives,,0.1,µg/L,,,,,,,
CHLX,1683,CHLOROXURON,Chloroxuron,1982-47-4,pesticides,substances actives,,0.1,µg/L,,,,,,,
HALOX,2047,HALOXYFOP,Haloxyfop,69806-34-4,pesticides,substances actives,,0.1,µg/L,,,,,,,
MCPO,2750,MECOPROP-1-OCTYL ESTER,Mecoprop-1-octyl ester,161922-37-8,pesticides,substances actives,,0.1,µg/L,,,,,,,
HCHE,2046,HCH EPSILON,HCH epsilon,07/10/6108,pesticides,substances actives,,0.1,µg/L,,,,,,,
FOSETYL,1816,FOSETYL,Fosetyl,15845-66-6,pesticides,substances actives,,0.1,µg/L,,,,,,,
CLAHB,1757,CHLORDANE BÉTA,Chlordane béta,5103-74-2,pesticides,substances actives,,0.1,µg/L,,,,,,,
PYRX,1663,PYRIFÉNOX,Pyrifénox,88283-41-4,pesticides,substances actives,,0.1,µg/L,,,,,,,
IMAZAPY,2090,IMAZAPYR,Imazapyr,81334-34-1,pesticides,substances actives,,0.1,µg/L,,,,,,,
ETHION,1183,ETHION,Ethion,0563-12-2,pesticides,substances actives,,0.1,µg/L,,,,,,,
FLUMIOX,2023,FLUMIOXAZINE,Flumioxazine,103361-09-7,pesticides,substances actives,,0.1,µg/L,,,,,,,
EKALUX,1891,QUINALPHOS,Quinalphos,13593-03-08,pesticides,substances actives,,0.1,µg/L,,,,,,,
METOSUL,1912,MÉTOSULAM,Métosulam,139528-85-1,pesticides,substances actives,,0.1,µg/L,,,,,,,
TTAZINE,5842,TRIETAZINE,Trietazine,1912-26-1,pesticides,substances actives,,0.1,µg/L,,,,,,,
BUPIRI,1861,BUPIRIMATE,Bupirimate,41483-43-6,pesticides,substances actives,,0.1,µg/L,,,,,,,
ETHPH,2093,ETHEPHON,Ethephon,16672-87-0,pesticides,substances actives,,0.1,µg/L,,,,,,,
HTZ,1876,HEXYTHIAZOX,Hexythiazox,78587-05-0,pesticides,substances actives,,0.1,µg/L,,,,,,,
TAUFLU,1193,FLUVALINATE-TAU,Fluvalinate-tau,102851-06-9,pesticides,substances actives,,0.1,µg/L,,,,,,,
FENTH,1190,FENTHION,Fenthion,55-38-9,pesticides,substances actives,,0.1,µg/L,,,,,,,
BENFURA,2924,BENFURACARBE,Benfuracarbe,82560-54-1,pesticides,substances actives,,0.1,µg/L,,,,,,,
PPIT,1255,PROPARGITE,Propargite,2312-35-8,pesticides,substances actives,,0.1,µg/L,,,,,,,
TERB,1267,TERBUPHOS,Terbuphos,13071-79-9,pesticides,substances actives,,0.1,µg/L,,,,,,,
DCLORMI,2929,DICHLORMIDE,Dichlormide,37764-25-3,pesticides,substances actives,,0.1,µg/L,,,,,,,
FONO,1674,FONOFOS,Fonofos,944-22-9,pesticides,substances actives,,0.1,µg/L,,,,,,,
DMTHY,5737,DIMETHAMETRYN,Dimethametryn,22936-75-0,pesticides,substances actives,,0.1,µg/L,,,,,,,
MEFENA,1968,MEFENACET,Mefenacet,73250-68-7,pesticides,substances actives,,0.1,µg/L,,,,,,,
BEFLU,7522,BEFLUBUTAMIDE,Beflubutamide,113614-08-7,pesticides,substances actives,,0.1,µg/L,,,,,,,
HXPEE,1833,HALOXYFOP ÉTHOXYÉTHYL,Haloxyfop éthoxyéthyl,87237-48-7,pesticides,substances actives,,0.1,µg/L,,,,,,,
MANDIP,6399,MANDIPROPAMIDE,Mandipropamide,374726-62-2,pesticides,substances actives,,0.1,µg/L,,,,,,,
FEINE,1188,FENPROPATHRINE,Fenpropathrine,39515-41-8,pesticides,substances actives,,0.1,µg/L,,,,,,,
SIDURON,1893,SIDURON,Siduron,1982-49-6,pesticides,substances actives,,0.1,µg/L,,,,,,,
TCF,1287,TRICHLORFON,Trichlorfon,52-68-6,pesticides,substances actives,,0.1,µg/L,,,,,,,
ACNT,1310,ACRINATHRINE,Acrinathrine,101007-06-1,pesticides,substances actives,,0.1,µg/L,,,,,,,
FLUOPYR,7649,FLUOPYRAM,Fluopyram,658066-35-4,pesticides,substances actives,,0.1,µg/L,,,,,,,
AZACONA,2014,AZACONAZOLE,Azaconazole,60207-31-0,pesticides,substances actives,,0.1,µg/L,,,,,,,
TRFLUM,1902,TRIFLUMURON,Triflumuron,64628-44-0,pesticides,substances actives,,0.1,µg/L,,,,,,,
HYDMAL,5645,HYDRAZIDE MALEÏQUE,Hydrazide maleïque,123-33-1,pesticides,substances actives,,0.1,µg/L,,,,,,,
TCVP,1277,TÉTRACHLORVINPHOS,Tétrachlorvinphos,22248-79-9,pesticides,substances actives,,0.1,µg/L,,,,,,,
DCFT,1159,DICHLOFENTHION,Dichlofenthion,97-17-6,pesticides,substances actives,,0.1,µg/L,,,,,,,
PNCB,1538,QUINTOZÈNE,Quintozène,82-68-8,pesticides,substances actives,,0.1,µg/L,,,,,,,
QUIZOET,2070,QUIZALOFOP ÉTHYLE,Quizalofop éthyle,76578-14-8,pesticides,substances actives,,0.1,µg/L,,,,,,,
TRIAZ,2990,TRIAZOXIDE,Triazoxide,72459-58-6,pesticides,substances actives,,0.1,µg/L,,,,,,,
34DCPA,1532,PROPANIL,Propanil,709-98-8,pesticides,substances actives,,0.1,µg/L,,,,,,,
INDOXAC,5483,INDOXACARBE,Indoxacarbe,173584-44-6,pesticides,substances actives,,0.1,µg/L,,,,,,,
TRZAMAT,1901,TRIAZAMATE,Triazamate,112143-82-5,pesticides,substances actives,,0.1,µg/L,,,,,,,
PYRIDAB,1890,PYRIDABÈNE,Pyridabène,96489-71-3,pesticides,substances actives,,0.1,µg/L,,,,,,,
DIPHAM,5478,DIPHENYLAMINE,Diphenylamine,122-39-4,pesticides,substances actives,,0.1,µg/L,,,,,,,
CHINOME,1865,CHINOMÉTHIONATE,Chinométhionate,02/01/2439,pesticides,substances actives,,0.1,µg/L,,,,,,,
DCHLOPH,2981,DICHOROPHÈNE,Dichorophène,97-23-4,pesticides,substances actives,,0.1,µg/L,,,,,,,
SPINO,5610,SPINOSAD,Spinosad,168316-95-8,pesticides,substances actives,,0.1,µg/L,,,,,,,
THIOBEN,1764,THIOBENCARDE,Thiobencarde,28249-77-6,pesticides,substances actives,,0.1,µg/L,,,,,,,
PPMD,1238,PHOSPHAMIDON,Phosphamidon,13171-21-6,pesticides,substances actives,,0.1,µg/L,,,,,,,
BEND,1329,BENDIOCARBE,Bendiocarbe,22781-23-3,pesticides,substances actives,,0.1,µg/L,,,,,,,
CYFLU,7748,CYFLUFENAMIDE,Cyflufenamide,180409-60-3,pesticides,substances actives,,0.1,µg/L,,,,,,,
NUARIMO,1883,NUARIMOL,Nuarimol,63284-71-9,pesticides,substances actives,,0.1,µg/L,,,,,,,
FLURIDO,1974,FLURIDONE,Fluridone,59756-60-4,pesticides,substances actives,,0.1,µg/L,,,,,,,
FAMOXAD,2020,FAMOXADONE,Famoxadone,131807-57-3,pesticides,substances actives,,0.1,µg/L,,,,,,,
TRIFORI,1802,TRIFORINE,Triforine,26644-46-2,pesticides,substances actives,,0.1,µg/L,,,,,,,
FURALAX,1908,FURALAXYL,Furalaxyl,57646-30-7,pesticides,substances actives,,0.1,µg/L,,,,,,,
TMT,2071,THIOMÉTON,Thiométon,640-15-3,pesticides,substances actives,,0.1,µg/L,,,,,,,
IOXYOCT,1942,IOXYNIL OCTANOATE,Ioxynil octanoate,3861-47-0,pesticides,substances actives,,0.1,µg/L,,,,,,,
PMPT,1260,PYRIMIPHOS ÉTHYL,Pyrimiphos éthyl,23505-41-1,pesticides,substances actives,,0.1,µg/L,,,,,,,
DCPADH,2966,CHLORTHAL-DIMÉTHYL,Chlorthal-diméthyl,1861-32-1,pesticides,substances actives,,0.1,µg/L,,,,,,,
SPITET,7506,SPIROTETRAMAT,Spirotetramat,203313-25-1,pesticides,substances actives,,0.1,µg/L,,,,,,,
AZIMSUL,2937,AZIMSULFURON,Azimsulfuron,120162-55-2,pesticides,substances actives,,0.1,µg/L,,,,,,,
TBIL,1659,TERBACILE,Terbacile,5902-51-2,pesticides,substances actives,,0.1,µg/L,,,,,,,
MVPH,1226,MÉVINPHOS,Mévinphos,7786-34-7,pesticides,substances actives,,0.1,µg/L,,,,,,,
DLL,1156,DIALLATE,Diallate,2303-16-4,pesticides,substances actives,,0.1,µg/L,,,,,,,
BRPH,1124,BROMOPHOS MÉTHYL,Bromophos méthyl,2104-96-3,pesticides,substances actives,,0.1,µg/L,,,,,,,
CAPT,1128,CAPTANE,Captane,0133-06-02,pesticides,substances actives,,0.1,µg/L,,,,,,,
PENOXU,6394,PENOXSULAM,Penoxsulam,219714-96-2,pesticides,substances actives,,0.1,µg/L,,,,,,,
DSYST,1492,DISYSTON,Disyston,0298-04-04,pesticides,substances actives,,0.1,µg/L,,,,,,,
PHOSMET,1971,PHOSMET,Phosmet,0732-11-6,pesticides,substances actives,,0.1,µg/L,,,,,,,
PHENM,1236,PHENMÉDIPHAME,Phenmédiphame,13684-63-4,pesticides,substances actives,,0.1,µg/L,,,,,,,
DNOCP,5619,DINOCAP,Dinocap,39300-45-3,pesticides,substances actives,,0.1,µg/L,,,,,,,
AZIN,1111,AZINPHOS MÉTHYL,Azinphos méthyl,86-50-0,pesticides,substances actives,,0.1,µg/L,,,,,,,
DMTSM,1153,DEMETON S MÉTHYL,Demeton S méthyl,919-86-8,pesticides,substances actives,,0.1,µg/L,,,,,,,
TRCYCLA,2898,TRICYCLAZOLE,Tricyclazole,41814-78-2,pesticides,substances actives,,0.1,µg/L,,,,,,,
UNCAZ,7482,UNICONAZOLE,Uniconazole,83657-22-1,pesticides,substances actives,,0.1,µg/L,,,,,,,
ETOF,5624,ETOFENPROX,Etofenprox,80844-07-01,pesticides,substances actives,,0.1,µg/L,,,,,,,
FENCL,1186,FENCHLORPHOS,Fenchlorphos,299-84-3,pesticides,substances actives,,0.1,µg/L,,,,,,,
PZP,1258,PYRAZOPHOS,Pyrazophos,13457-18-6,pesticides,substances actives,,0.1,µg/L,,,,,,,
DIMOX,5748,DIMOXYSTROBINE,Dimoxystrobine,149961-52-4,pesticides,substances actives,,0.1,µg/L,,,,,,,
IMAZAQU,2860,IMIZAQUINE,Imizaquine,81335-37-7,pesticides,substances actives,,0.1,µg/L,,,,,,,
FLURPRI,2024,FLURPRIMIDOL,Flurprimidol,56425-91-3,pesticides,substances actives,,0.1,µg/L,,,,,,,
TBZMETA,6283,TERBUTHYLAZIN ET SES MÉTABOLITES,Terbuthylazin et ses métabolites,,pesticides,substances actives,,0.1,µg/L,,,,,,,
SMETOLA,2974,S-MÉTOLACHLORE,S-Métolachlore,,pesticides,substances actives,,0.1,µg/L,,,,,,,
PICONA,5665,PICOLINAFEN,Picolinafen,137641-05-5,pesticides,substances actives,,0.1,µg/L,,,,,,,
AZAMETI,2015,AZAMÉTIPHOS,Azamétiphos,35575-96-3,pesticides,substances actives,,0.1,µg/L,,,,,,,
SILTF,5609,SILTHIOFAM,Silthiofam,175217-20-6,pesticides,substances actives,,0.1,µg/L,,,,,,,
BRMTH,1502,BIORESMETHRINE,Bioresmethrine,28434-01-07,pesticides,substances actives,,0.1,µg/L,,,,,,,
BROMOE,1123,BROMOPHOS ÉTHYL,Bromophos éthyl,4824-78-6,pesticides,substances actives,,0.1,µg/L,,,,,,,
PPTP,1533,PROPÉTAMPHOS,Propétamphos,31218-83-4,pesticides,substances actives,,0.1,µg/L,,,,,,,
EPTC,1182,EPTC,EPTC,759-94-4,pesticides,substances actives,,0.1,µg/L,,,,,,,
PHRT,1525,PHORATE,Phorate,0298-02-02,pesticides,substances actives,,0.1,µg/L,,,,,,,
IPCONA,7508,IPCONAZOLE,Ipconazole,125225-28-7,pesticides,substances actives,,0.1,µg/L,,,,,,,
HALOXYR,1909,HALOXYFOP-MÉTHYL (R),Haloxyfop-méthyl (R),72619-32-0,pesticides,substances actives,,0.1,µg/L,,,,,,,
TLFND,1719,TOLYLFLUANIDE,Tolylfluanide,731-27-1,pesticides,substances actives,,0.1,µg/L,,,,,,,
IOXYM,2871,IOXYNIL-MÉTHYL,Ioxynil-méthyl,3336-40-1,pesticides,substances actives,,0.1,µg/L,,,,,,,
CLMP,1134,CHLORMÉPHOS,Chlorméphos,24934-91-6,pesticides,substances actives,,0.1,µg/L,,,,,,,
DICOUM,2982,DIFENACOUM,Difenacoum,56073-07-05,pesticides,substances actives,,0.1,µg/L,,,,,,,
COUMATE,2019,COUMATÉTRALYL,Coumatétralyl,5836-29-3,pesticides,substances actives,,0.1,µg/L,,,,,,,
PPHM,1534,PROPHAME,Prophame,122-42-9,pesticides,substances actives,,0.1,µg/L,,,,,,,
COUMAF,2972,COUMAFÈNE,Coumafène,81-81-2,pesticides,substances actives,,0.1,µg/L,,,,,,,
TRZPH,1657,TRIAZOPHOS,Triazophos,24017-47-8,pesticides,substances actives,,0.1,µg/L,,,,,,,
DILONE,2983,DIFETHIALONE,Difethialone,104653-34-1,pesticides,substances actives,,0.1,µg/L,,,,,,,
HEPTENO,1910,HEPTÉNOPHOS,Hepténophos,23560-59-0,pesticides,substances actives,,0.1,µg/L,,,,,,,
DCPP,2544,DICHLORPROP-P,Dichlorprop-P,15165-67-0,pesticides,substances actives,,0.1,µg/L,,,,,,,
ISOXADI,2807,ISOXADIFEN-ÉTHYLE,Isoxadifen-éthyle,163520-33-0,pesticides,substances actives,,0.1,µg/L,,,,,,,
OFURACE,2027,OFURACE,Ofurace,58810-48-3,pesticides,substances actives,,0.1,µg/L,,,,,,,
TTDIFON,1900,TETRADIFON,Tetradifon,116-29-0,pesticides,substances actives,,0.1,µg/L,,,,,,,
MEPRONI,1878,MÉPRONIL,Mépronil,55814-41-0,pesticides,substances actives,,0.1,µg/L,,,,,,,
PYRPF,5499,PYRIPROXYFEN,Pyriproxyfen,95737-68-1,pesticides,substances actives,,0.1,µg/L,,,,,,,
FURATHI,2567,FURATHIOCARBE,Furathiocarbe,65907-30-4,pesticides,substances actives,,0.1,µg/L,,,,,,,
OXDG,2068,OXADIARGYL,Oxadiargyl,39807-15-3,pesticides,substances actives,,0.1,µg/L,,,,,,,
ISPV,1829,ISOFENVOS,Isofenvos,25311-71-1,pesticides,substances actives,,0.1,µg/L,,,,,,,
LUFENUR,2026,LUFÉNURON,Lufénuron,103055-07-8,pesticides,substances actives,,0.1,µg/L,,,,,,,
BUPROFZ,1862,BUPROFÉZINE,Buprofézine,69327-76-0,pesticides,substances actives,,0.1,µg/L,,,,,,,
COUM,1682,COUMAPHOS,Coumaphos,56-72-4,pesticides,substances actives,,0.1,µg/L,,,,,,,
IODOFEN,2025,IODOFENPHOS,Iodofenphos,18181-70-9,pesticides,substances actives,,0.1,µg/L,,,,,,,
PPCBS,5602,PROPOXYCARBAZONE-SODIUM,Propoxycarbazone-sodium,181274-15-7,pesticides,substances actives,,0.1,µg/L,,,,,,,
CBPT,1131,CARBOPHÉNOTION,Carbophénotion,786-19-6,pesticides,substances actives,,0.1,µg/L,,,,,,,
FVAL,1701,FENVALÉRATE,Fenvalérate,51630-58-1,pesticides,substances actives,,0.1,µg/L,,,,,,,
TEDP,1894,SULFOTEPP,Sulfotepp,3689-24-5,pesticides,substances actives,,0.1,µg/L,,,,,,,
PROFENO,1889,PROFÉNOFOS,Profénofos,41198-08-07,pesticides,substances actives,,0.1,µg/L,,,,,,,
FLUAZPB,1404,FLUAZIFOP-P-BUTYL,Fluazifop-P-butyl,79241-46-6,pesticides,substances actives,,0.1,µg/L,,,,,,,
NITROF,1229,NITROFÈNE,Nitrofène,1836-75-5,pesticides,substances actives,,0.1,µg/L,,,,,,,
FENOB,5763,FENOBUCARBE,Fenobucarbe,3766-81-2,pesticides,substances actives,,0.1,µg/L,,,,,,,
CHLFLUA,2950,CHLORFLUAZURON,Chlorfluazuron,71422-67-8,pesticides,substances actives,,0.1,µg/L,,,,,,,
METIL,1698,DIMÉTILAN,Dimétilan,644-64-4,pesticides,substances actives,,0.1,µg/L,,,,,,,
ROTENON,2029,ROTÉNONE,Roténone,83-79-4,pesticides,substances actives,,0.1,µg/L,,,,,,,
ETHIOPH,1874,ETHIOPHENCARBE,Ethiophencarbe,29973-13-5,pesticides,substances actives,,0.1,µg/L,,,,,,,
CINOSUL,5481,CINOSULFURON,Cinosulfuron,94593-91-6,pesticides,substances actives,,0.1,µg/L,,,,,,,
ETXSUL,5527,ETHOXYSULFURON,Ethoxysulfuron,126801-58-9,pesticides,substances actives,,0.1,µg/L,,,,,,,
BENSULH,5512,BENSULFURON-METHYL,Bensulfuron-methyl,83055-99-6,pesticides,substances actives,,0.1,µg/L,,,,,,,
AMITZ,1308,AMITRAZE,Amitraze,33089-61-1,pesticides,substances actives,,0.1,µg/L,,,,,,,
643PYRD,6358,PYRIDAFOL,Pyridafol,40020-01-07,pesticides,substances actives,,0.1,µg/L,,,,,,,
DIFXUR,5524,DIFENOXURON,Difenoxuron,14214-32-5,pesticides,substances actives,,0.1,µg/L,,,,,,,
MEFLUID,2568,MÉFLUIDIDE,Méfluidide,53780-34-0,pesticides,substances actives,,0.1,µg/L,,,,,,,
SEDAX,7724,SEDAXANE,Sedaxane,874967-67-6,pesticides,substances actives,,0.1,µg/L,,,,,,,
SFOMTH,5507,SULFOMETHURON-METHYL,Sulfomethuron-methyl,74222-97-2,pesticides,substances actives,,0.1,µg/L,,,,,,,
CLRMTH,5522,CHLORIMURON-ETHYL,Chlorimuron-ethyl,90982-32-4,pesticides,substances actives,,0.1,µg/L,,,,,,,
PYRAZET,6386,PYRAZOSULFURON ÉTHYL,Pyrazosulfuron éthyl,93697-74-6,pesticides,substances actives,,0.1,µg/L,,,,,,,
DAIMURO,5930,DAIMURON,Daimuron,42609-52-9,pesticides,substances actives,,0.1,µg/L,,,,,,,
ETHAMH,5529,ETHAMETSULFURON-METHYL,Ethametsulfuron-methyl,97780-06-08,pesticides,substances actives,,0.1,µg/L,,,,,,,
HASULM,5508,HALOSULFURON-METHYL,Halosulfuron-methyl,100784-20-1,pesticides,substances actives,,0.1,µg/L,,,,,,,
OXSULFH,5510,OXASULFURON,Oxasulfuron,144651-06-9,pesticides,substances actives,,0.1,µg/L,,,,,,,
FCLURO,5969,FORCHLORFENURON,Forchlorfenuron,68157-60-8,pesticides,substances actives,,0.1,µg/L,,,,,,,
IMBCAZ,7510,IMIBENCONAZOLE,Imibenconazole,86598-92-7,pesticides,substances actives,,0.1,µg/L,,,,,,,
ETRIM,5760,ETRIMFOS,Etrimfos,38260-54-7,pesticides,substances actives,,0.1,µg/L,,,,,,,
CHLORB,1336,CHLORBUFAME,Chlorbufame,1967-16-4,pesticides,substances actives,,0.1,µg/L,,,,,,,
ACP,1100,ACÉPHATE,Acéphate,30560-19-1,pesticides,substances actives,,0.1,µg/L,,,,,,,
METHACR,5792,MÉTHACRIFOS,Méthacrifos,62610-77-9,pesticides,substances actives,,0.1,µg/L,,,,,,,
PYRAZXF,6530,PYRAZOXYFEN,Pyrazoxyfen,71561-11-0,pesticides,substances actives,,0.1,µg/L,,,,,,,
IMAZAQU,2860,IMAZAQUINE,Imazaquine,81335-37-7,pesticides,substances actives,,0.1,µg/L,,,,,,,
ASM,5581,ACIBENZOLAR S MÉTHYL,Acibenzolar s méthyl,135158-54-2,pesticides,substances actives,,0.1,µg/L,,,,,,,
MTHDP,1671,MÉTHAMIDOPHOS,Méthamidophos,10265-92-6,pesticides,substances actives,,0.1,µg/L,,,,,,,
MCPPP,2084,MÉCOPROP-P,Mécoprop-p,16484-77-8,pesticides,substances actives,,0.1,µg/L,,,,,,,
ABATE,1898,TÉMÉPHOS,Téméphos,3383-96-8,pesticides,substances actives,,0.1,µg/L,,,,,,,
SPINOA,7438,SPINOSYNE A,Spinosyne A,131929-60-7,pesticides,substances actives,,0.1,µg/L,,,,,,,
SPINOD,7439,SPINOSYNE D,Spinosyne D,131929-63-0,pesticides,substances actives,,0.1,µg/L,,,,,,,
DAMZD,5597,DAMINOZIDE,Daminozide,1596-84-5,pesticides,substances actives,,0.1,µg/L,,,,,,,
BCYFLTH,3209,BETACYFLUTHRINE,Betacyfluthrine,68359-37-5,pesticides,substances actives,,0.1,µg/L,,,,,,,
PHENTHO,5813,PHENTOATE,Phentoate,07/03/2597,pesticides,substances actives,,0.1,µg/L,,,,,,,
QUINO,7723,QUINOCLAMINE,Quinoclamine,2797-51-5,pesticides,substances actives,,0.1,µg/L,,,,,,,
CPT,1127,CAPTAFOL,Captafol,01/06/2425,pesticides,substances actives,,0.1,µg/L,,,,,,,
AZODRIN,1880,MONOCROTOPHOS,Monocrotophos,6923-22-4,pesticides,substances actives,,0.1,µg/L,,,,,,,
ATRATN,5698,ATRATON,Atraton,1610-17-9,pesticides,substances actives,,0.1,µg/L,,,,,,,
TOLM,5675,TOLCLOFOS-METHYL,Tolclofos-methyl,57018-04-09,pesticides,substances actives,,0.1,µg/L,,,,,,,
CLTHIO,5723,CHLORTHIOPHOS,Chlorthiophos,60238-56-4,pesticides,substances actives,,0.1,µg/L,,,,,,,
DODINE,2933,DODINE,Dodine,03/10/2439,pesticides,substances actives,,0.1,µg/L,,,,,,,
MTFEN,5511,METHOXYFENOSIDE,Methoxyfenoside,161050-58-4,pesticides,substances actives,,0.1,µg/L,,,,,,,
BENSLD,6595,BENSULIDE,Bensulide,741-58-2,pesticides,substances actives,,0.1,µg/L,,,,,,,
PRETILA,1949,PRETILACHLORE,Pretilachlore,51218-49-6,pesticides,substances actives,,0.1,µg/L,,,,,,,
24DIE,2872,"2,4-D-ISOPROPYL ESTER","2,4-D-isopropyl ester",94-11-1,pesticides,substances actives,,0.1,µg/L,,,,,,,
AMETO,7842,AMETOCTRADINE,Ametoctradine,865318-97-4,pesticides,substances actives,,0.1,µg/L,,,,,,,
BRPPL,1685,BROMOPROPYLATE,Bromopropylate,18181-80-1,pesticides,substances actives,,0.1,µg/L,,,,,,,
DIOXA,5743,DIOXACARBE,Dioxacarbe,6988-21-2,pesticides,substances actives,,0.1,µg/L,,,,,,,
PROQUI,7422,PROQUINAZID,Proquinazid,189278-12-4,pesticides,substances actives,,0.1,µg/L,,,,,,,
DEHAME,2980,DESMEDIPHAME,Desmediphame,13684-56-5,pesticides,substances actives,,0.1,µg/L,,,,,,,
FLAMPM,6539,FLAMPROP-MÉTHYL,Flamprop-méthyl,52756-25-9,pesticides,substances actives,,0.1,µg/L,,,,,,,
MIR,5438,MIREX,Mirex,2385-85-5,pesticides,substances actives,,0.1,µg/L,,,,,,,
ATRZMET,6282,ATRAZINE ET SES MÉTABOLITES,Atrazine et ses métabolites,,pesticides,substances actives,,0.1,µg/L,,,,,,,
ISAZO,1976,ISAZOPHOS,Isazophos,42509-80-8,pesticides,substances actives,,0.1,µg/L,,,,,,,
TCBAZ,5922,TIOCARBAZIL,Tiocarbazil,36756-79-3,pesticides,substances actives,,0.1,µg/L,,,,,,,
PROME,1710,PROMÉCARBE,Promécarbe,2631-37-0,pesticides,substances actives,,0.1,µg/L,,,,,,,
HYMEX,5646,HYMEXAZOL,Hymexazol,10004-44-1,pesticides,substances actives,,0.1,µg/L,,,,,,,
AMINP,7580,AMINOPYRALID,Aminopyralid,150114-71-9,pesticides,substances actives,,0.1,µg/L,,,,,,,
CLRNB,1341,CHLORONEB,Chloroneb,2675-77-6,pesticides,substances actives,,0.1,µg/L,,,,,,,
DICRO,5525,DICROTOPHOS,Dicrotophos,141-66-2,pesticides,substances actives,,0.1,µg/L,,,,,,,
BUTIL,7038,BUTILATE,Butilate,2008-41-5,pesticides,substances actives,,0.1,µg/L,,,,,,,
CYCLOA,5568,CYCLOATE,Cycloate,1134-23-2,pesticides,substances actives,,0.1,µg/L,,,,,,,
PIPERO,5819,PIPEROPHOS,Piperophos,24151-93-7,pesticides,substances actives,,0.1,µg/L,,,,,,,
ANILO,6594,ANILOPHOS,Anilophos,64249-01-0,pesticides,substances actives,,0.1,µg/L,,,,,,,
PYDAP,5606,PYRIDAPHENTHION,Pyridaphenthion,119-12-0,pesticides,substances actives,,0.1,µg/L,,,,,,,
ISOPC,5781,ISOPROCARB,Isoprocarb,2631-40-5,pesticides,substances actives,,0.1,µg/L,,,,,,,
CYHABU,5569,CYHALOFOP BUTYL,Cyhalofop butyl,122008-85-9,pesticides,substances actives,,0.1,µg/L,,,,,,,
BENVCI,7460,BENTHIAVALICARBE-ISOPROPYL,Benthiavalicarbe-isopropyl,177406-68-7,pesticides,substances actives,,0.1,µg/L,,,,,,,
ZCYINE,7521,ZETACYPERMETHRINE,Zetacypermethrine,97955-44-7,pesticides,substances actives,,0.1,µg/L,,,,,,,
NALED,1516,NALED,Naled,300-76-5,pesticides,substances actives,,0.1,µg/L,,,,,,,
DCLFNFD,1360,DICHLOFLUANIDE,Dichlofluanide,1085-98-9,pesticides,substances actives,,0.1,µg/L,,,,,,,
PYRETHR,2062,PYRÉTHRINE,Pyréthrine,8003-34-7,pesticides,substances actives,,0.1,µg/L,,,,,,,
QUIZPE,6637,QUIZALOFOP-P-ÉTHYL,Quizalofop-p-éthyl,100646-51-3,pesticides,substances actives,,0.1,µg/L,,,,,,,
AMINC,5523,AMINOCARBE,Aminocarbe,2032-59-9,pesticides,substances actives,,0.1,µg/L,,,,,,,
CLAN,1132,CHLORDANE,Chlordane,57-74-9,pesticides,substances actives,,0.1,µg/L,,,,,,,
TRIMC,5695,TRIMETHACARBE,Trimethacarbe,2686-99-9,pesticides,substances actives,,0.1,µg/L,,,,,,,
FNFS,1499,PHÉNAMIPHOS,Phénamiphos,22224-92-6,pesticides,substances actives,,0.1,µg/L,,,,,,,
MCP244,2751,"MCPP-2,4,4-TRIMETHYLPENTYL ESTER","MCPP-2,4,4-trimethylpentyl ester",217487-13-3,pesticides,substances actives,,0.1,µg/L,,,,,,,
MCP2OE,2754,MCPP-2 OTYL ESTER,MCPP-2 otyl ester,28473-03-02,pesticides,substances actives,,0.1,µg/L,,,,,,,
MCPA1B,2745,MCPA-1-BUTYL ESTER,MCPA-1-butyl ester,1713-12-8,pesticides,substances actives,,0.1,µg/L,,,,,,,
MCP2EE,2753,MCPP- 2-ETHYLHEXYL ESTER,MCPP- 2-ethylhexyl ester,71526-69-7,pesticides,substances actives,,0.1,µg/L,,,,,,,
MCP2BE,2752,MCPP-2-BUTOXYETHYL ESTER,MCPP-2-butoxyethyl ester,23359-62-8,pesticides,substances actives,,0.1,µg/L,,,,,,,
MCPNIB,2870,MECOPROP-N/ISO-BUTYL ESTER (MÉLANGE),Mecoprop-n/iso-butyl ester (mélange),,pesticides,substances actives,,0.1,µg/L,,,,,,,
MCPME,2755,MCPP-METHYL ESTER,MCPP-methyl ester,2786-19-8,pesticides,substances actives,,0.1,µg/L,,,,,,,
PYCL,6611,PYRACLOFOS,Pyraclofos,77458-01-06,pesticides,substances actives,,0.1,µg/L,,,,,,,
FENIS,5627,FENIZON,Fenizon,80-38-6,pesticides,substances actives,,0.1,µg/L,,,,,,,
EPN,1873,EPN,EPN,2104-64-5,pesticides,substances actives,,0.1,µg/L,,,,,,,
PYFE,5509,PYRAFLUFEN ÉTHYL,Pyraflufen éthyl,129630-19-9,pesticides,substances actives,,0.1,µg/L,,,,,,,
ABAMECT,2007,ABAMECTIN,Abamectin,71751-41-2,pesticides,substances actives,,0.1,µg/L,,,,,,,
VALIF,8045,VALIFENALATE,Valifenalate,283159-90-0,pesticides,substances actives,,0.1,µg/L,,,,,,,
FENOT,5970,FENOTHIOCARBE,Fenothiocarbe,62850-32-2,pesticides,substances actives,,0.1,µg/L,,,,,,,
PRXP,7442,PROXIMPHAN,Proximphan,2828-42-4,pesticides,substances actives,,0.1,µg/L,,,,,,,
DIMEP,7142,DIMÉPIPÉRATE,Dimépipérate,61432-55-1,pesticides,substances actives,,0.1,µg/L,,,,,,,
BUTAM,5710,BUTAMIFOS,Butamifos,36335-67-8,pesticides,substances actives,,0.1,µg/L,,,,,,,
MEPHOS,5791,MEPHOSFOLAN,Mephosfolan,0950-10-7,pesticides,substances actives,,0.1,µg/L,,,,,,,
EDIF,5751,EDIFENPHOS,Edifenphos,17109-49-8,pesticides,substances actives,,0.1,µg/L,,,,,,,
PYBUT,5826,PYRIBUTICARB,Pyributicarb,88678-67-5,pesticides,substances actives,,0.1,µg/L,,,,,,,
PRPA,6964,PROPAPHOS,Propaphos,7292-16-2,pesticides,substances actives,,0.1,µg/L,,,,,,,
DIMET,6972,DIMÉTHYLVINPHOS,Diméthylvinphos,2274-67-1,pesticides,substances actives,,0.1,µg/L,,,,,,,
FAMP,5761,FAMPHUR,Famphur,52-85-7,pesticides,substances actives,,0.1,µg/L,,,,,,,
TECNAZ,5413,TECNAZENE,Tecnazene,117-18-0,pesticides,substances actives,,0.1,µg/L,,,,,,,
TETRAS,5837,TETRASUL,Tetrasul,2227-13-6,pesticides,substances actives,,0.1,µg/L,,,,,,,
CLFSON,5553,CHLORFENSON,Chlorfenson,80-33-1,pesticides,substances actives,,0.1,µg/L,,,,,,,
FRAZ,7441,FURILAZOLE,Furilazole,121776-33-8,pesticides,substances actives,,0.1,µg/L,,,,,,,
PROFOX,8046,PROFOXYDIM,Profoxydim,139001-49-3,pesticides,substances actives,,0.1,µg/L,,,,,,,
FENAZAQ,2742,FÉNAZAQUIN,Fénazaquin,120928-09-8,pesticides,substances actives,,0.1,µg/L,,,,,,,
4C2MPH,1634,CHLORO-4 MÉTHYLPHÉNOL-2,Chloro-4 Méthylphénol-2,1570-64-5,pesticides,substances actives,,0.1,µg/L,,,,,,,
FCLAZE,7513,FENCHLORAZOLE ETHYL,Fenchlorazole ethyl,103112-35-2,pesticides,substances actives,,0.1,µg/L,,,,,,,
TCLNAT,1720,TRICHLORONAT,Trichloronat,327-98-0,pesticides,substances actives,,0.1,µg/L,,,,,,,
BUFENC,7502,BUFENCARBE,Bufencarbe,8065-36-9,pesticides,substances actives,,0.1,µg/L,,,,,,,
CRUFOM,5725,CRUFOMATE,Crufomate,299-86-5,pesticides,substances actives,,0.1,µg/L,,,,,,,
CROTOX,5724,CROTOXYPHOS,Crotoxyphos,7700-17-6,pesticides,substances actives,,0.1,µg/L,,,,,,,
SULPRO,5831,SULPROFOS,Sulprofos,35400-43-2,pesticides,substances actives,,0.1,µg/L,,,,,,,
ALLYXY,7501,ALLYXYCARBE,Allyxycarbe,6392-46-7,pesticides,substances actives,,0.1,µg/L,,,,,,,
TEBUPI,7511,TEBUPIRIMFOS,Tebupirimfos,96182-53-5,pesticides,substances actives,,0.1,µg/L,,,,,,,
MEXAC,7143,MEXACARBATE,Mexacarbate,315-18-4,pesticides,substances actives,,0.1,µg/L,,,,,,,
MCPAEE,6942,"2,4-D 2-ETHYLHEXYL","2,4-D 2-Ethylhexyl",1928-43-4,pesticides,substances actives,,0.1,µg/L,,,,,,,
MERPHO,5840,MERPHOS,Merphos,150-50-5,pesticides,substances actives,,0.1,µg/L,,,,,,,
AMIDIT,5697,AMIDITHION,Amidithion,919-76-6,pesticides,substances actives,,0.1,µg/L,,,,,,,
CYANFP,5726,CYANOFENPHOS,Cyanofenphos,13067-93-1,pesticides,substances actives,,0.1,µg/L,,,,,,,
IBP,5777,IPROBENFOS (IBP),Iprobenfos (IBP),26087-47-8,pesticides,substances actives,,0.1,µg/L,,,,,,,
AMIPRM,7516,AMIPROFOS-METHYL,Amiprofos-methyl,36001-88-4,pesticides,substances actives,,0.1,µg/L,,,,,,,
MECARB,5789,MECARBAM,Mecarbam,2595-54-2,pesticides,substances actives,,0.1,µg/L,,,,,,,
ISOXAT,5784,ISOXATHION,Isoxathion,18854-01-08,pesticides,substances actives,,0.1,µg/L,,,,,,,
SETHOX,1808,SETHOXYDIM,Sethoxydim,74051-80-2,pesticides,substances actives,,0.1,µg/L,,,,,,,
MTOLC,5796,METOLCARB,Metolcarb,1129-41-5,pesticides,substances actives,,0.1,µg/L,,,,,,,
TLINE,1658,TRALOMÉTHRINE,Tralométhrine,66841-25-6,pesticides,substances actives,,0.1,µg/L,,,,,,,
PPCBS,5602,PROPOXYCARBAZONE,Propoxycarbazone,181274-15-7,pesticides,substances actives,,0.1,µg/L,,,,,,,
EMAM,8102,EMAMECTINE,Emamectine,119791-41-2,pesticides,substances actives,,0.1,µg/L,,,,,,,
MITC,2722,MÉTHYL ISOTHIOCYANATE,Méthyl isothiocyanate,556-61-6,pesticides,substances actives,,0.1,µg/L,,,,,,,
FNAP,5691,FÉNOXAPROP,Fénoxaprop,95617-09-07,pesticides,substances actives,,0.1,µg/L,,,,,,,
24DME,2873,"2,4-D-METHYL ESTER","2,4-D-methyl ester",1928-38-7,pesticides,substances actives,,0.1,µg/L,,,,,,,
MDNOCP,1677,MEPTYLDINOCAP,Meptyldinocap,131-72-6,pesticides,substances actives,,0.1,µg/L,,,,,,,
MANC,1211,MANCOZÈBE,Mancozèbe,07/01/8018,pesticides,substances actives,,0.1,µg/L,,,,,,,
DMT,1550,DÉMÉTON,Déméton,8065-48-3,pesticides,substances actives,,0.1,µg/L,,,,,,,
KARBUT,7505,KARBUTILATE,Karbutilate,4849-32-5,pesticides,substances actives,,0.1,µg/L,,,,,,,
ISMTZN,5780,ISOMETHIOZIN,Isomethiozin,57052-04-07,pesticides,substances actives,,0.1,µg/L,,,,,,,
AZYPRO,5699,AZIPROTRYNE,Aziprotryne,4658-28-0,pesticides,substances actives,,0.1,µg/L,,,,,,,
TBUC,5835,TERBUCARB,Terbucarb,02/11/1918,pesticides,substances actives,,0.1,µg/L,,,,,,,
FENFU,1843,FENFURAN,Fenfuran,24691-80-3,pesticides,substances actives,,0.1,µg/L,,,,,,,
FORME,1703,FORMÉTANATE,Formétanate,22259-30-9,pesticides,substances actives,,0.1,µg/L,,,,,,,
SYSTOX,1150,DÉMÉTON-O,Déméton-O,0298-03-03,pesticides,substances actives,,0.1,µg/L,,,,,,,
CLOFEN,1868,CLOFENTÉZINE,Clofentézine,74115-24-5,pesticides,substances actives,,0.1,µg/L,,,,,,,
THIOPE,7514,THIOPHANATE ETHYL,Thiophanate ethyl,23564-06-09,pesticides,substances actives,,0.1,µg/L,,,,,,,
DMTS,1152,DÉMÉTON-S,Déméton-S,126-75-0,pesticides,substances actives,,0.1,µg/L,,,,,,,
MCPA2E,2748,MCPA-ETHYL ESTER,MCPA-ethyl ester,2698-38-6,pesticides,substances actives,,0.1,µg/L,,,,,,,
PRTT,5683,PERMÉTHRINE-TRANS,Perméthrine-trans,61949-77-7,pesticides,substances actives,,0.1,µg/L,,,,,,,
PRTC,5682,PERMÉTHRINE-CIS,Perméthrine-cis,61949-76-6,pesticides,substances actives,,0.1,µg/L,,,,,,,
DBCP,1479,"DIBROMO-1,2-CHLORO-3PROPANE","Dibromo-1,2-chloro-3propane",96-12-8,pesticides,substances actives,,0.1,µg/L,,,,,,,
DPLLTH,1697,DÉPALLETHRINE,Dépallethrine,584-79-2,pesticides,substances actives,,0.1,µg/L,,,,,,,
CNEB,1341,CHLORONEB,Chloroneb,2675-77-6,pesticides,substances actives,,0.1,µg/L,,,,,,,
BIFE,5545,BIFENAZATE,Bifenazate,149877-41-8,pesticides,substances actives,,0.1,µg/L,,,,,,,
BENO,1407,BENOMYL,Benomyl,17804-35-2,pesticides,substances actives,,0.1,µg/L,,,,,,,
PRIM,5488,PRIMISULFURON MÉTHYL,Primisulfuron méthyl,86209-51-0,pesticides,substances actives,,0.1,µg/L,,,,,,,
EU,5484,ETHYLUREE (PESTICIDE),Ethyluree (pesticide),625-52-5,pesticides,substances actives,,0.1,µg/L,,,,,,,
THIOCY2,7512,THIOCYCLAM HYDROGEN OXALATE,Thiocyclam hydrogen oxalate,31895-22-4,pesticides,substances actives,,0.1,µg/L,,,,,,,
FENOXP,5628,FENOXAPROP-P-ETHYL,Fenoxaprop-p-ethyl,71283-80-2,pesticides,substances actives,,0.1,µg/L,,,,,,,
HMTRIM,7585,HEPTAMETHYLTRISILOXANE MODIFIÉ,heptamethyltrisiloxane modifié,27306-78-1,pesticides,substances actives,,0.1,µg/L,,,,,,,
TMETH,5921,TÉTRAMÉTHRINE,Tétraméthrine,7696-12-0,pesticides,substances actives,,0.1,µg/L,,,,,,,
CLAQ,1758,CHLORDANE GAMMA,Chlordane gamma,5566-34-7,pesticides,substances actives,,0.1,µg/L,,,,,,,
CYTHIO,7503,CYTHIOATE,Cythioate,115-93-5,pesticides,substances actives,,0.1,µg/L,,,,,,,
BAM,7423,BENALAXYL-M,Benalaxyl-M,98243-83-5,pesticides,substances actives,,0.1,µg/L,,,,,,,
ACEQ,8047,ACEQUINOCYL,Acequinocyl,57960-19-7,pesticides,substances actives,,0.1,µg/L,,,,,,,
ETOXAZ,5625,ETOXAZOLE,Etoxazole,153233-91-1,pesticides,substances actives,,0.1,µg/L,,,,,,,
SDDTDE,6497,"SOMME  DDT, DDD, DDE","Somme  DDT, DDD, DDE",,pesticides,substances actives,,0.1,µg/L,,,,,,,
CARBOSU,1864,CARBOSULFAN,Carbosulfan,55285-14-8,pesticides,substances actives,,0.1,µg/L,,,,,,,
DDTS,3268,DDT SOMME,DDT somme,,pesticides,substances actives,,0.1,µg/L,,,,,,,
DCBUT,1904,DICLOBUTRAZOL,Diclobutrazol,75736-33-3,pesticides,substances actives,,0.1,µg/L,,,,,,,
TNC,7097,TRANS-NONACHLORE,Trans-nonachlore,39765-80-5,pesticides,substances actives,,0.1,µg/L,,,,,,,
PARATH,6947,PARATHIONS (ÉTHYL+MÉTHYL),Parathions (éthyl+méthyl),,pesticides,substances actives,,0.1,µg/L,,,,,,,
TFX,1715,THIOFANOX,Thiofanox,39196-18-4,pesticides,substances actives,,0.1,µg/L,,,,,,,
SPIDIC,8044,SPIRODICLOFEN,Spirodiclofen,148477-71-8,pesticides,substances actives,,0.1,µg/L,,,,,,,
BZDN,1607,BENZIDINE (PESTICIDE),Benzidine (pesticide),92-87-5,pesticides,substances actives,,0.1,µg/L,,,,,,,
CLTHIAM,1813,CHLORTHIAMIDE,Chlorthiamide,1918-13-4,pesticides,substances actives,,0.1,µg/L,,,,,,,
MCPAME,2749,MCPA-METHYL ESTER,MCPA-methyl ester,2436-73-9,pesticides,substances actives,,0.1,µg/L,,,,,,,
ZIRA,1722,ZIRAME,Zirame,137-30-4,pesticides,substances actives,,0.1,µg/L,,,,,,,
DITALM,5745,DITALIMFOS,Ditalimfos,5131-24-8,pesticides,substances actives,,0.1,µg/L,,,,,,,
TERBMME,6284,TERBUMÉTON ET SES MÉTABOLITES,Terbuméton et ses métabolites,,pesticides,substances actives,,0.1,µg/L,,,,,,,
MCPABE,6552,"2,4-D-BUTOTYL","2,4-D-butotyl",1929-73-3,pesticides,substances actives,,0.1,µg/L,,,,,,,
HCET,1656,HEXACHLOROÉTHANE (PESTICIDE),Hexachloroéthane (pesticide),67-72-1,pesticides,substances actives,,0.1,µg/L,,,,,,,
NPA,1937,NAPTALAME,Naptalame,132-66-1,pesticides,substances actives,,0.1,µg/L,,,,,,,
TRIADEM,1811,TRIDEMORPHE,Tridemorphe,81412-43-3,pesticides,substances actives,,0.1,µg/L,,,,,,,
SULFOSA,2077,SULFOSATE,Sulfosate,81591-81-3,pesticides,substances actives,,0.1,µg/L,,,,,,,
TOXAPHE,1279,TOXAPHÈNE,Toxaphène,8001-35-2,pesticides,substances actives,,0.1,µg/L,,,,,,,
BANCOL,5542,BENSULTAP,Bensultap,17606-31-4,pesticides,substances actives,,0.1,µg/L,,,,,,,
CINIDON,2938,CINIDON-ETHYL,Cinidon-ethyl,142891-20-1,pesticides,substances actives,,0.1,µg/L,,,,,,,
SPINE,8041,SPINETORAM,Spinetoram,935545-74-7,pesticides,substances actives,,0.1,µg/L,,,,,,,
SPIMES,7738,SPIROMESIFEN,Spiromesifen,283594-90-1,pesticides,substances actives,,0.1,µg/L,,,,,,,
MILB,5655,MILBEMECTIN,Milbemectin,51596-10-2,pesticides,substances actives,,0.1,µg/L,,,,,,,
ISNRRN,6597,ISONORURON,Isonoruron,28805-78-9,pesticides,substances actives,,0.1,µg/L,,,,,,,
FENP,5630,FENPYROXIMATE,Fenpyroximate,134098-61-6,pesticides,substances actives,,0.1,µg/L,,,,,,,
PHNTN,2061,PHENOTHRINE,Phenothrine,26002-80-2,pesticides,substances actives,,0.1,µg/L,,,,,,,
13DCP,1654,"DICHLOROPROPANE-1,3","Dichloropropane-1,3",142-28-9,pesticides,substances actives,,0.1,µg/L,,,,,,,
PTPD,7509,PENTHIOPYRAD,Penthiopyrad,183675-82-3,pesticides,substances actives,,0.1,µg/L,,,,,,,
FMTHN,1504,FORMOTHION,Formothion,2540-82-1,pesticides,substances actives,,0.1,µg/L,,,,,,,
PHDC,5668,PROHEXADIONE-CALCIUM,Prohexadione-calcium,127277-53-6,pesticides,substances actives,,0.1,µg/L,,,,,,,
HALM,8664,HALAUXIFEN-METHYL,Halauxifen-methyl,943831-98-9,pesticides,substances actives,,0.1,µg/L,,,,,,,
CYTP,7871,CYANTRANILIPROLE,Cyantraniliprole,736994-63-1,pesticides,substances actives,,0.1,µg/L,,,,,,,
AZA,8582,AZADIRACHTIN,Azadirachtin,11141-17-6,pesticides,substances actives,,0.1,µg/L,,,,,,,
SULFO,8786,SULFOXAFLOR,Sulfoxaflor,946578-00-3,pesticides,substances actives,,0.1,µg/L,,,,,,,
MDB,,MANDESTROBINE,Mandestrobine,173662-97-0,pesticides,substances actives,,0.1,µg/L,,,,,,,
OTP,7872,OXATHIAPIPROLIN,Oxathiapiprolin,1003318-67-9,pesticides,substances actives,,0.1,µg/L,,,,,,,
ISOF,,ISOFETAMID,Isofetamid,875915-78-9,pesticides,substances actives,,0.1,µg/L,,,,,,,
PYRF,8583,PYRIOFENONE,Pyriofenone,688046-61-9,pesticides,substances actives,,0.1,µg/L,,,,,,,
FPDF,,FLUPYRADIFURONE,Flupyradifurone,951659-40-8,pesticides,substances actives,,0.1,µg/L,,,,,,,
GAINE,8744,GAMMA CYHALOTHRINE,Gamma Cyhalothrine,76703-62-3,pesticides,substances actives,,0.1,µg/L,,,,,,,
DCPA,1867,CHLORTHAL,Chlorthal,2136-79-0,pesticides,substances actives,,0.1,µg/L,,,,,,,
ISCBMD,5779,ISOCARBAMIDE,Isocarbamide,30979-48-7,pesticides,substances actives,,0.1,µg/L,,,,,,,
ISCBPS,6596,ISOCARBOPHOS,Isocarbophos,24353-61-5,pesticides,substances actives,,0.1,µg/L,,,,,,,
BTCBX,7148,BUTOCARBOXIM,Butocarboxim,34681-10-2,pesticides,substances actives,,0.1,µg/L,,,,,,,
CARPRO,7147,CARPROPAMIDE,Carpropamide,104030-54-8,pesticides,substances actives,,0.1,µg/L,,,,,,,
DIPHNM,5614,DIPHENAMIDE,Diphenamide,957-51-7,pesticides,substances actives,,0.1,µg/L,,,,,,,
PYROQU,5828,PYROQUILON,Pyroquilon,57369-32-1,pesticides,substances actives,,0.1,µg/L,,,,,,,
ISPTLN,5783,ISOPROTHIOLANE,Isoprothiolane,50512-35-1,pesticides,substances actives,,0.1,µg/L,,,,,,,
PYRACA,5825,PYRACARBOLID,Pyracarbolid,24691-76-7,pesticides,substances actives,,0.1,µg/L,,,,,,,
MFTC,,MÉFENTRIFLUCONAZOLE,Méfentrifluconazole,1417782-03-6,pesticides,substances actives,,0.1,µg/L,,,,,,,
BRM,1530,BROMOMÉTHANE,Bromométhane,74-83-9,pesticides,substances actives,,0.1,µg/L,,,,,,,
DMTT,1869,DAZOMET,Dazomet,533-74-4,pesticides,substances actives,,0.1,µg/L,,,,,,,
MBT,2542,MONOBUTYLÉTAIN CATION (PESTICIDE),Monobutylétain cation (pesticide),78763-54-9,pesticides,substances actives,,0.1,µg/L,,,,,,,
BROD,5546,BRODIFACOUM,Brodifacoum,56073-10-0,pesticides,substances actives,,0.1,µg/L,,,,,,,
CYHAL,1138,CYHALOTHRINE,Cyhalothrine,68085-85-8,pesticides,substances actives,,0.1,µg/L,,,,,,,
PRTF,5824,PROTHIOFOS,Prothiofos,34643-46-4,pesticides,substances actives,,0.1,µg/L,,,,,,,
MANEB,1705,MANÈBE,Manèbe,12427-38-2,pesticides,substances actives,,0.1,µg/L,,,,,,,
FENBUOX,2078,FENBUTATIN OXYDE,Fenbutatin oxyde,13356-08-06,pesticides,substances actives,,0.1,µg/L,,,,,,,
RESM,2859,RESMETHRINE,Resmethrine,10453-86-8,pesticides,substances actives,,0.1,µg/L,,,,,,,
NHFOSAM,5649,FOSAMINE AMMONIUM,Fosamine ammonium,25954-13-6,pesticides,substances actives,,0.1,µg/L,,,,,,,
PCH,2988,PROPAMOCARBE HYDROCHLORIDE,Propamocarbe hydrochloride,25606-41-1,pesticides,substances actives,,0.1,µg/L,,,,,,,
PRQTDC,5661,PARAQUAT DICHLORIDE,Paraquat dichloride,1910-42-5,pesticides,substances actives,,0.1,µg/L,,,,,,,
MFTC,8686,MÉFENTRIFLUCONAZOLE,Méfentrifluconazole,1417782-03-6,pesticides,substances actives,,0.1,µg/L,,,,,,,
MCPA2EH,2746,MCPA-2-ETHYLHEXYL,MCPA-2-ethylhexyl,29450-45-1,pesticides,substances actives,,0.1,µg/L,,,,,,,
MCPABU,2747,MCPA-BUTOTYL,MCPA-butotyl,19480-43-4,pesticides,substances actives,,0.1,µg/L,,,,,,,
MEPIQU1,2089,MEPIQUAT CHLORURE (UTILISER MEPIQUA,Mepiquat chlorure (utiliser MEPIQUA),24307-26-4,pesticides,substances actives,,0.1,µg/L,,,,,,,
AMISUL,8043,AMISULBRON,Amisulbron,348635-87-0,pesticides,substances actives,,0.1,µg/L,,,,,,,
PESTOT,6276,TOTAL DES PESTICIDES ANALYSÉS,Total des pesticides analysés,,pesticides,,,0.5,µg/L,,,,,,,